text,labels
comment_text,pos
"""Ø­ÙƒØ§ÙŠØ§Øª ØªÙˆÙ†Ø³ÙŠØ©"" emission intÃ©ressante malheureusement prÃ©sentÃ©e par un animateur trop bavard qui ne respecte pas ses invitÃ©s en parlant a leur place en particulier les ""experts"" qui sont la pour le decor. C'est monsieur ""je sais tout""",pos
Ø§Ù†Ø§ Ù†Ø­Ø¨ Ù†Ø´Ø§Ø±Ùƒ ÙÙŠ Ø¨Ø±Ù†Ø§Ù…Ø¬ Ø¶Ø¯ Ø§Ù„Ø¹Ù†Ù ÙˆÙ†Ø­ÙƒÙŠ Ø¹Ù„ÙŠ ØªØ¹Ø±Ø¶ØªÙ„Ùˆ Ù…Ù† Ø¶Ø±Ø¨ ÙˆØ¹Ù†Ù Ø¹Ù„Ù‰ Ù†Ø¸Ø± Ø§Ù„Ø¬ÙŠØ±Ø§Ù† ÙˆÙ†Ø¸Ø± ØµØºØ§Ø±ÙŠ Ø§Ù„Ù„ÙŠ Ø¹Ø§Ù†ÙˆÙ…Ù† Ù‡Ø§ Ø§Ù„Ø¸Ù„Ù… ÙˆØ§Ù„Ù‰ Ù‡Ø°Ù‡ Ø§Ù„Ø³Ø§Ø¹Ø© Ø¹Ø§ÙŠØ´ÙŠÙ† ØªØ­Øª Ø§Ù„ØªÙ‡Ø¯ÙŠØ¯. Ø§ØªØµÙ„Ùˆ Ø¨ÙŠ Ø§Ø±Ø¬ÙˆÙƒÙ… Ù„Ø§Ù†ÙŠ Ù…Ù† Ø¹Ù…Ù†Ø§ÙˆÙ„ Ù‚Ø¯Ù…Øª Ù‚Ø¶ÙŠÙ‡ ÙˆØ«Ù†ÙŠÙ† Ù„ÙƒÙ† Ø¯ÙˆÙ† Ø¬Ø¯ÙˆÙ‰,pos
Ø§Ù†Ø§ Ø¬Ø²Ø§ÙŠØ±ÙŠ ÙˆÙ…Ù† Ø§Ù„ØºØ±Ø¨ Ø§Ù„Ø¬Ø²Ø§ÙŠØ±ÙŠ ÙˆÙ†Ø­Ø¨ Ø³Ø§Ù…ÙŠ ÙˆÙ‚Ù†Ø§Ø© Ø§Ù„Ø­ÙˆØ§Ø± Ø§Ù„ØªÙˆÙ†Ø³ÙŠ Ø±Ø¨ÙŠ ÙŠÙˆÙÙ‚ÙƒÙ…,pos
A7la Sami dima ma3ek rana ou kol 7aja jedida ta3melha tenja7 9abel merawha ğŸ˜,pos
Ø§Ø±Ø¬ÙˆÙƒÙ… Ø³Ø§Ø¹Ø¯ÙˆÙ†ÙŠ Ø­ØªÙ‰ Ø§ØªØ­ØµÙ„ Ø¹Ù„Ù‰ Ø­Ù‚ÙŠ Ø¸Ù„Ù… Ø§Ù„ÙÙ‚Ø± ÙˆØ¸Ù„Ù… Ø§Ù„Ù†Ø§Ø³ ÙˆÙ„Ù„Ù‡ ÙŠØ§Ø³Ø± Ø¹Ù„ÙŠÙ‡,pos
Met alla9 ye Samy inchallah bcp de succÃ¨s pour ta nouvelle Ã©mission,pos
"Vu Ã  la tÃ©lÃ© (Alhiwar Ettounsi, Ø§Ù„Ø­ÙˆØ§Ø± Ø§Ù„ØªÙ‘ÙˆÙ†Ø³ÙŠ) Programme ""Hkayet Tounsia"" ""Ø­ÙƒÙŠØ§Øª ØªÙˆÙ†Ø³ÙŠÙ‘Ø©"" : La version tunisienne de ""Ã§a discute"" animÃ© par Jean Luc de larue,  produit par sa boite RÃ©servoir Prod, diffusÃ© sur France 2. L'animateur classÃ© NÂ° 1 des sondages, le prÃ©fÃ©rÃ© des franÃ§ais fidÃ¨les enfants de la tÃ©lÃ©. Un protÃ©gÃ© du grand journaliste Jean Pierre Alkabbach ""architecte"" de la  restructuration du service public franÃ§ais (1993/1996) face Ã  la concurrence du privÃ©. La polÃ©mique de son contrat ""jugÃ©"" gonflÃ© s'Ã©teint avec une dÃ©monstration d'un jeune de maturitÃ©. Repris par ""Ettounsi"" TV, Ã  deux Ã©missions de la quatriÃ¨me, le programme s'approche d'un duplicata parfait. Du social et certainement d'actualitÃ©, un grand format de la rÃ©daction, des reportages d'appui Ã  perfectionner. Ã€ vrai dire que Sami Elfehri assure bien mÃªme les moindres gestuelles du son ""alter Ã©go"" franÃ§ais. Un produit audiovisuel d'authenticitÃ© influent d'angle sujet Ã©quilibre adrÃ©naline du sourire au rire Ã  pleurer. CotÃ© spectateurs tÃ©moins, il y on a du travail Ã  ajuster. RepÃ©rage, ciblage invitÃ©s en PRP le switch squelette n'est pas finalisÃ©. La star du programme ""la boite"" titrÃ© : ""Ø¢Ø®Ø± Ù‚Ø±Ø§Ø±"", ""Dlilek Mlek"" dÃ©veloppe ses dÃ©placements Ã  se voir bÃ¢tir une notoriÃ©tÃ© solide en style animation. DÃ©sormais, il se verra talonnÃ© de la troisiÃ¨me classe Ã  l'Ã©ducation voir l'information en premier. Une opportunitÃ© sans Ã©quivoque pour s'affirmer comme journaliste au parfait. CotÃ© ""Dlilek Mlek"", c'Ã©tait un bon exercice pour du sÃ©rieux Ã  presser. Animateur radio francophone Ã  RTCI (voir francophile)*, commence son dÃ©fi arabisant en dialecte tunisien Ã  la chaÃ®ne des jeunes Canal 21 (2001). DÃ©part du ""Soft"" jeu-divertissement Ã  bien accentuer de passage Ã  une production privÃ© (revue net). Ses qualitÃ©s physiques l'ont Ã©normÃ©ment aidÃ©s. TÃ©lÃ©gÃ©nique Ã  trÃ¨s bonne mine le ""Hard"" c'est pas facilement gagnÃ© sans un rÃ©dacteur en chef ""chevronnÃ©"". ""L'homme Ã  l'oreillette"" valorise Â«en signifiant le travail d'un groupeÂ» soudÃ©. le concept technique fidÃ¨le Ã  celui franÃ§ais de prÃ©fÃ©rence plonger dans l'abordable biculturel sans excÃ¨s. La durÃ©e sentie rÃ©duite Ã  relater (3 heures minima). Concernant l'animation du jeu ""la boite"" ""sandouk"" jeu du hasard absolu, produit d'origine Endemol, il est largement supÃ©rieur Ã  la version franÃ§aise d'Arthur en Ã©galitÃ© presque avec celui de la RAI, Sami est dans la capacitÃ© d'exercer mÃªme en franÃ§ais. Une excellente dÃ©monstration de volontÃ©, de progresser. Ã€ suivre. Bader Kedidi.",pos
Ø³Ø§Ù…ÙŠ Ø§Ù„ÙÙ‡Ø±ÙŠ Ù…Ø®Ø±Ø¬ Ùˆ Ù…Ù†Ø´Ø· Ù†Ø§Ø¬Ø­ Ùˆ Ø§Ù„ÙŠ ÙŠÙ‚ÙˆÙ„ Ø¹ÙƒØ³ Ù‡Ø°Ø§ Ù†Ø§ØºØ± Ø®Ø§Ø·Ø± Ø³Ø§Ù…ÙŠ Ù…Ø¹Ù…Ø±Ù„Ù†Ø§ Ø§Ù„ØªÙ„ÙØ²Ø© ÙÙŠ Ø±Ù…Ø¶Ø§Ù† Ùˆ Ø³ÙŠØ± Ù„ÙŠØ§Ù… Ø¨Ø±Ø§ÙÙˆ Ø³Ø§Ù…ÙŠ â¤,pos
Mabrouk rabi ma3k ysami mahlek dim mefrhna je t'embrasse trÃ¨s fort je t'aime,pos
"Ã©mission intÃ©ressante mais Sami el Fehri est trop ANTIPATHIQUE ..trop Antipathique!! changez le , please !",pos
Ø¨Ø§Ù„ØªÙˆÙÙŠÙ‚ Ø³Ø§Ù…ÙŠğŸ˜Šâ˜º,pos
Ø£ÙˆÙ„Ø§ ØªØ­ÙŠØ§ØªÙŠ Ù„ÙƒÙ„ Ø§Ù„Ø§Ø¹Ù„Ø§Ù…ÙŠÙŠÙ† Ø¨Ù‚Ù†Ø§Ø© Ø§Ù„Ø­ÙˆØ§Ø± Ø§Ù„ØªÙˆÙ†Ø³ÙŠ ÙˆØ¹Ù„Ù‰ Ù…Ø§ØªÙ‚Ø¯Ù…Ù‡ Ù…Ù† Ø¨Ø±Ø§Ù…Ø¬ Ø±Ø§Ø¦Ø¹Ø© Ø¥Ù„Ø§ Ø£Ù†Ù†ÙŠ Ø£ØªÙ…Ù†Ù‰ Ø£Ù† ÙŠØªÙ… Ù…Ø¹Ø§Ù„Ø¬Ø© Ø¨Ø¹Ø¶ Ø§Ù„Ù…ÙˆØ§Ø¶ÙŠØ¹ Ø§Ù„Ø§Ø¬ØªÙ…Ø§Ø¹ÙŠØ© Ø§Ù„Ù…Ø·Ø±ÙˆØ­Ø© ÙˆØ§Ù„ØªÙŠ ØªØ¹Ø§Ù†ÙŠ Ù…Ù†Ù‡Ø§ Ù…Ø¬ØªÙ…Ø¹Ø§ØªÙ†Ø§ Ø§Ù„Ø¹Ø±Ø¨ÙŠØ© Ø§Ù„Ø¥Ø³Ù„Ø§Ù…ÙŠØ© Ø¨Ø·Ø±ÙŠÙ‚Ø© ØªÙ„ÙŠÙ‚ Ø¨Ø§Ø®Ù„Ø§Ù‚Ù†Ø§ ÙˆÙ‚ÙŠÙ…Ù†Ø§ Ø§Ù„Ø§Ø¬ØªÙ…Ø§Ø¹ÙŠØ© ÙˆÙ…Ø§ Ø§Ù…Ø±Ù†Ø§ Ø¨Ù‡ Ø¯ÙŠÙ†Ù†Ø§ Ø§Ù„Ø§Ø³Ù„Ø§Ù…ÙŠ ÙˆÙ„ÙƒÙ… ÙƒÙ„ Ø§Ù„ØªÙ‚Ø¯ÙŠØ± ÙˆØ§Ù„Ø§Ø­ØªØ±Ø§Ù… ÙˆØ§Ù„Ù„Ù‡ Ø£Ø³Ø£Ù„ Ø§Ù„ØªÙˆÙÙŠÙ‚ ***** Ù„ÙŠØ¨ÙŠ,pos
Ø³Ø§Ù…ÙŠ ØªØ¬Ù†Ù†,pos
Ù…Ø­Ù„Ø§Ù‡ Ø¨Ø±Ù†Ø§Ù…Ø¬Ùƒ Ø­ÙƒØ§ÙŠØ§Øª ØªÙˆÙ†Ø³ÙŠØ© ÙˆØ§Ù†Øª Ù…Ø°Ø®Ù…Ùˆ Ø£ÙƒØ«Ø± ØµØ±Ø§Ø­Ø© Ø§Ù†Ø´Ø§Ù„Ù„Ù‡ Ø±Ø¨ÙŠ ÙŠÙˆÙÙ‚Ùƒ ÙˆÙŠØ¹Ø·ÙŠÙƒ Ø¹Ù„Ù‰ Ù‚Ø¯ Ù‚Ù„Ø¨Ùƒ,pos
ÙˆØ¹Ù„Ø§Ù‡ Ø­ØµØ© Ø±Ø§Ø¦Ø¹Ø© ÙˆØ§Ù„Ù„Ù‡ Ø¨Ø¹Ø¯ Ù‡Ø°Ù‡ Ø§Ù„Ø­ØµØµ Ù†ÙˆÙ„Ùˆ Ù†Ø±Ø§Ù‚Ø¨Ùˆ ÙˆÙ„Ø§Ø¯Ù†Ø§ ÙˆÙ…Ø§Ù†Ø­Ø·Ùˆ Ø§Ù„Ø«Ù‚Ø© Ø­ØªÙ‰ ÙÙŠ ÙˆØ§Ø­Ø¯,pos
seurieux seurieux,pos
Ø¯Ø§Ø¦Ù…Ø§ Ø±ÙˆÙˆÙˆÙˆÙˆØ¹Ø© ÙŠØ§ Ø³Ø§Ù…ÙŠ Ø­ÙØ¸Ùƒ Ø§Ù„Ù„Ù‡,pos
ÙƒÙŠ ØªØªÙØ±Ø¬ Ø§Ù„Ø¨Ø§Ø±Ø­ ÙÙŠ Ø§Ù„Ø­Ù„Ù‚Ø© ØªÙ‚ÙˆÙ„  Ù…Ø­Ù„Ø§Ù‡Ù… Ø®Ø§Ø·Ø± Ù†Ø§Ø³ Ù„Ø§ØªØ¨ÙƒÙŠ Ù„Ø§ ØªØ´ÙƒÙŠ  Ø¹Ø§Ø·ÙŠÙŠÙ† Ù„Ù„Ø¯Ù†ÙŠØ§ Ø­Ù‚Ù‡Ø§  ØªØ¨Ø§Ø±ÙƒØ§Ù„Ù„Ù‡ Ø§Ø³ØªØ§Ø°Ø© Ø¬Ø§Ù…Ø¹ÙŠØ© Ø¹Ù† Ø¹Ù…Ø± ÙŠÙ†Ø§Ù‡Ø² 36 Ùˆ 9 ØµØºØ§Ø± Ø±Ø¨ÙŠ ÙŠØµÙˆÙ† Ø§Ù„ØªÙØ§Ù‡Ù… Ùˆ Ø§Ù„Ø§Ø­ØªØ±Ø§Ù… Ùˆ Ø§Ù„Ù‚Ø¯Ø± Ù†ØµÙ Ø§Ù„Ø¹ÙŠØ´Ø© Ø¹ÙƒØ³ Ø§Ù„Ø°ÙŠ Ù†Ø³Ù…Ø¹ÙˆØ§ ÙÙŠÙ‡ Ø®Ù†Ø§Ø± Ùˆ Ù…Ø´Ø§ÙƒÙ„,pos
"les  3 meilleurs Ã©missions fi ettounsia, (yawmiyet mouwaten, hkayet tounsiya, dari dÃ©co) le reste chkara wil bhar",pos
Ø§Ù„Ù…ÙˆØ¶ÙˆØ¹ Ù‡Ø§Ø°Ø§ ÙŠØ®Øµ Ø§Ù„Ù†Ø§Ø³ Ø§Ù„ÙƒÙ„ Ø¹Ù„Ù‰ Ø®Ø§Ø·Ø±Ù‡Ø§ Ø¸Ø§Ù‡Ø±Ø© Ù…Ù†ØªØ´Ø±Ø© ÙŠØ§Ø³Ø± Ùˆ ØªØ³Ø¨Ø¨Øª ÙÙŠ ÙŠØ§Ø³Ø± Ø§Ø¶Ø±Ø§Ø± Ù„Ù„Ø¹Ø§ÙŠÙ„Ø§Øª,pos
Ù…ÙˆØ¶ÙˆØ¹ Ø³Ù…Ø­,pos
ğŸ‘ğŸ‘ğŸ‘,pos
Ù…ÙˆØ¶ÙˆØ¹  Ø­Ø³Ø§Ø³  ÙˆÙ‚ØªØ¨Ù„ Ù„Ù†Ù‚Ø§Ø´,pos
Ø¨Ø±Ù†Ø§Ù…Ø¬ Ø­Ù„Ùˆ Ø¨Ø±Ø´Ø§,pos
Bravo,pos
Ù…ÙˆØ¶ÙˆØ¹ Ø¨Ø§Ù‡ÙŠ,pos
ğŸ‘ŒğŸ‘ŒğŸ‘ŒğŸ‘ŒğŸ‘Œ,pos
"Les idÃ©es de Samy Elfehri sont les meilleures et uniques . Hhhhhhhhhhhhhh. (Je n'aime pas cette personne). Il a attendu longtemps aprÃ¨s la mort de Jean-Luc Delarue Allah yarhemou pour faire copier de l'Ã©mission ""Ã§a se dispute"" sur france2 et la coller dans sa chaÃ®ne el7iwar ettounsi. Ayayaya. En tout cas il n'a pas sorti de ses habitudes: regarder les tv Ã©trangÃ¨res et faire pareils, copier coller. Sinon, en comparant cette Ã©mission Ã  celle de 3alaa Echabi c'est que les invitÃ©s de samy ont passÃ© par le salon de coiffure pour le maquiage, les cheveux et autres, et ceux de Alaa sont spontanÃ©s, naturelles...  en tout cas bon courage",pos
Lmewadhi3 mouhema wbhya ama tari9t lklm bhi ama berasmi tari9 l7iwar m5letch edhouyouf y5arjou akthr me3ndhom apar enou 7l9t lyoum l5iyana zawjia twa3i barcha 3bed ama da5l echoukouk lbarcha 3bed zeda 7ata kn rajlha my5ounch lmra twli tchok eni tmnit nkoun 8adi 7otouni feblaset wa7ed melajna tw n7alelkom lmawdhou3 betari9a lidji ama walet nchok barcha bsar7a m3ch 3ndi thi9a,pos
Ø§ÙƒÙŠØ¯ Ù…ÙˆØ¶ÙˆØ¹ Ù…ÙˆØ¬ÙˆØ¯Ø© ÙˆÙ„ÙŠØ³ Ø¬Ø¯ÙŠØ¯ Ø¹Ù„ÙŠ ØªÙˆÙ†Ø³ ÙÙ…Ø§ ÙÙŠ ÙƒÙ„ ØªØ¨Ù‚Ø© ÙˆÙƒÙ„ Ù…ÙƒØ§Ù† Ø£Ù…Ø§ Ù„Ø§Ø²Ù… ÙƒÙ„ Ø´Ø®Øµ ÙŠÙƒÙˆÙ†ÙˆØ§ Ø­Ø°Ø±ÙŠÙ† Ù…Ù† Ù…Ø¬Ø±Ù…ÙŠÙ† Ø§Ù„ØªØ­Ø±ÙˆØ´ ÙˆØ­Ø³Ø¨Ù†Ø§Ù„Ù„Ù‡ ÙˆÙ†Ø¹Ù… Ø§Ù„ÙˆÙƒÙŠÙ„ ÙÙŠÙ‡Ù… ÙŠØ§Ø±Ø¨ Ø§Ù„Ø¹Ø§Ù„Ù…ÙŠÙ†,pos
Ù…ÙˆØ¶ÙˆØ¹ Ø­Ù„Ùˆ Ùˆ Ø±Ø¨ÙŠ ÙŠÙ‡Ø¯ÙŠ Ø§Ù„Ù†Ø§Ø³ Ø§Ù„ÙƒÙ„,pos
Ø§Ù„ØªØ­Ø±Ø´.Ù…ÙˆØ¶ÙˆØ¹ Ù„ÙŠØ³ Ù„Ù‡ Ù†Ù‡Ø§ÙŠØ©,pos
Ø¯ÙŠÙ…Ø§ Ù…Ù†ÙˆØ± ÙŠØ§ Ø³Ø§Ù…ÙŠ Ø±ØºÙ… Ø§Ù„Ø¯Ø§Ø¡ ÙˆØ§Ù„Ø£Ø¹Ø¯Ø§Ø¡,pos
Ø±Ø¨ÙŠ ÙŠÙ‡Ø¯ÙŠ ØªØ­ÙŠØ© Ù…Ù† Ø§Ù„Ø¬Ø²Ø§Ø¦Ø±,pos
Mawdhou3 mohim w lazem nahkiyo fih bech nes tetetha9af w ta3raf kifech twaja,pos
Allah yahdi,pos
"""Ø­ÙƒØ§ÙŠØ§Øª ØªÙˆÙ†Ø³ÙŠØ©"" emission intÃ©ressante malheureusement prÃ©sentÃ©e par un animateur trop bavard qui ne respecte pas ses invitÃ©s en parlant a leur place en particulier les ""experts"" qui sont la pour le decor. C'est monsieur ""je sais tout""",pos
brabbi chnia hazzebla elli t3addiou fiha  men wa9tach echawadh wallat tetetra7 oumourhom fi itar 3a2ilimen wa9tach zina el ma7arem yo3tabar dhahra metfachia fi touneschnoua hal narcissisme 3and hallemmarek  a3tihom yodhrou mosli7ine whouma mo5arribine na3 zabbour ommkom el 9a7ba,pos
Ø§Ù†Ø§ Ø¬Ø²Ø§ÙŠØ±ÙŠ ÙˆÙ…Ù† Ø§Ù„ØºØ±Ø¨ Ø§Ù„Ø¬Ø²Ø§ÙŠØ±ÙŠ ÙˆÙ†Ø­Ø¨ Ø³Ø§Ù…ÙŠ ÙˆÙ‚Ù†Ø§Ø© Ø§Ù„Ø­ÙˆØ§Ø± Ø§Ù„ØªÙˆÙ†Ø³ÙŠ Ø±Ø¨ÙŠ ÙŠÙˆÙÙ‚ÙƒÙ…,pos
A7la Sami dima ma3ek rana ou kol 7aja jedida ta3melha tenja7 9abel merawha ğŸ˜,pos
Met alla9 ye Samy inchallah bcp de succÃ¨s pour ta nouvelle Ã©mission,pos
Ø³Ø§Ù…ÙŠ Ø§Ù„ÙÙ‡Ø±ÙŠ Ù…Ø®Ø±Ø¬ Ùˆ Ù…Ù†Ø´Ø· Ù†Ø§Ø¬Ø­ Ùˆ Ø§Ù„ÙŠ ÙŠÙ‚ÙˆÙ„ Ø¹ÙƒØ³ Ù‡Ø°Ø§ Ù†Ø§ØºØ± Ø®Ø§Ø·Ø± Ø³Ø§Ù…ÙŠ Ù…Ø¹Ù…Ø±Ù„Ù†Ø§ Ø§Ù„ØªÙ„ÙØ²Ø© ÙÙŠ Ø±Ù…Ø¶Ø§Ù† Ùˆ Ø³ÙŠØ± Ù„ÙŠØ§Ù… Ø¨Ø±Ø§ÙÙˆ Ø³Ø§Ù…ÙŠ â¤,pos
Mabrouk rabi ma3k ysami mahlek dim mefrhna je t'embrasse trÃ¨s fort je t'aime,pos
"Ã©mission intÃ©ressante mais Sami el Fehri est trop ANTIPATHIQUE ..trop Antipathique!! changez le , please !",pos
Ø¨Ø§Ù„ØªÙˆÙÙŠÙ‚ Ø³Ø§Ù…ÙŠğŸ˜Šâ˜º,pos
Ø¨Ø±Ø§ÙÙˆ Ø³Ø§Ù…ÙŠ Ø±Ø¨ÙŠ Ø¨Ø§Ù„ØªÙˆÙÙŠÙ‚,pos
waw,pos
Ø§Ù„Ù„Ù‡ Ø¹Ù†ÙŠÙƒ ÙƒÙ„ Ø´ÙŠ Ù…Ù†Ùƒ Ø­Ù„Ùˆ,pos
ok sami,pos
Bravo semi lfahri Tu es un vrai creÌateur,pos
Ø§ÙÙƒØ§Ø±Ùƒ Ø¬Ù…ÙŠÙ„Ù‡ Ø¨ØªÙˆÙÙŠÙ‚ Ùˆ Ø§Ù„Ù†Ø¬Ø§Ø­,pos
Sami ya me3lem,pos
Bisra7 wa7dik ya mi3lem,pos
Ø§Ù„Ù„Ù‡ ÙŠÙˆÙÙ‚,pos
Bravo semiiiii ğŸ‘ğŸ‘ğŸ‘ğŸ‘,pos
Ø±Ø¨ÙŠ Ø¹Ø§ÙˆÙ†ÙƒÙ… Ù‚Ù†Ø§Ø© Ø§Ù„Ø­ÙˆØ§Ø± Ø§Ù„ØªÙˆÙ†Ø³ÙŠ Ø­Ù‚Ù‚Øª Ù†Ø¬Ø§Ø­ Ùˆ Ù†Ø­Ù†Ø§ ÙÙŠ Ø§Ù„Ø¬Ø²Ø§Ø¦Ø±  Ù…ØºØ±Ù…ÙŠÙ† Ø¨Ù„Ù‚Ù†ÙˆØ§Øª Ø§Ù„ØªÙˆÙ†Ø³ÙŠØ©  Ø¨Ø²Ø§Ù   Ø¨ØµØ­ Ø§Ù†Ø§ Ø´ÙØª ÙÙŠ fcbØ§Ù† Ø¹Ù„Ø§Ø¡ Ø§Ù„Ø´Ø§Ø¨ÙŠ Ù‡Ùˆ Ù„Ø¹Ù„Ù† Ø¹Ù„Ù‰ Ù‡Ø°Ø§ Ø§Ù„Ø¨Ø±Ù†Ø§Ù…Ø¬ ÙˆØ¹Ù„Ø§Ø¡ Ø§Ù„Ø´Ø§Ø¨ÙŠ Ù‡Ùˆ Ø§Ù„Ù…Ù†Ø´Ø· Ø¹Ù„Ø§Ù‡ ÙˆÙ„Ø§ Ø³Ø§Ù…ÙŠ Ø§Ù„ÙÙ‡Ø±ÙŠ Ø£Ø®ØªÙƒÙ… Ù…Ù† Ø§Ù„Ø¬Ø²Ø§Ø¦Ø±,pos
Sami el fehri bravoooooo,pos
Ù‡ÙƒÙ‡ ØªÙˆ Ø¨Ø§Ù‡ÙŠ Ù†Ø±Ø¬Ø¹ Ù†ØªÙØ±Ø¬ Ø¹Ù„Ù‰ Ù‚Ù†Ø§ØªÙŠ Ø§Ù„Ù…ÙØ¶Ù„Ù‡,pos
Bon chance,pos
Ù…Ø±Ø­Ø¨ ğŸ˜Š,pos
Ø±Ø¨ÙŠ ÙŠÙˆÙÙ‚Ùƒ,pos
9athaya mouhima wa layst moutadawla,pos
Bon courage ğŸ˜€,pos
Ø¨Ø±Ø§ÙÙˆ Ø³Ø§Ù…ÙŠ Ø±Ø¨ÙŠ Ù…Ø¹Ùƒâ¤ğŸ‘,pos
ØªØ¨Ù‚Ù‰ Ø³Ø§Ù…ÙŠ ÙŠØ§ Ø³Ø§Ù…ÙŠ,pos
Ø­Ø¨ÙŠØ¨ÙŠ Ø³Ø§Ù…ÙŠ Ø§Ù„ÙÙ‡Ø±ÙŠ Ø±Ø¨ÙŠ ÙŠØ­ÙØ¸Ùƒ :-*,pos
tar7 mouadab lil mawthou3 doun ibtithal aw moyou3a,pos
Big Boss,pos
baravo,pos
T3jabini ya sami barcha,pos
Bravo sami bon courage et toujour elegant,pos
Bravo sami,pos
Sami bara rabi maak vazi,pos
Bravo semi wawooo,pos
Bravo sami,pos
Je vous souhaite bcp de succÃ¨s dans vos Ã©missions bravooop,pos
Emwahar wem7ali l chaÃ®ne sami,pos
Ya m3alem,pos
Toujours classe,pos
ÙÙƒØ±Ø© Ø³Ø§Ù…ÙŠ Ø§Ù„ÙÙ‡Ø±Ù‰,pos
Inchallah betawfi9 sami,pos
Ø§Ù†Øª Ù…Ø¹Ù„Ù… Ø§Ù…Ø§ Ø±Ø¯ Ø¨Ø§Ù„Ùƒ ØªÙ„Ø¨Ø³  ÙƒÙŠÙ…Ø§ ÙÙŠ Ù„Ø³Ù‡ ÙØ§ÙƒØ±,pos
Zina Elgasrinia etait tres tres vulgaire pas de Niveau .....,pos
Bonne chance,pos
tayaaraaa,pos
Ø³Ø§Ù…ÙŠ ÙŠØ§ Ù…Ø¹Ù„Ù…,pos
wallah tayara wnchallah yefhmouuuu,pos
Ø±Ø§Ù†ÙŠ Ù†Ø­Ø¨ Ø£ÙÙƒØ§Ø±Ùƒ ÙˆÙÙ‚Ùƒ Ø§Ù„Ù„Ù‡,pos
Betawfik,pos
Nchalah betawfikğŸ˜Š,pos
mala wahra yÃ© samsoum,pos
Merci sami,pos
Ø±Ø¨ÙŠ ÙˆØ§Ù„Ø´Ø¹Ø¨ Ù…Ø¹ Ø§Ø­Ø³Ù† Ù‚Ù†Ø§Øª,pos
ÙŠØ§ Ø³Ø§Ù…Ù‰ ÙŠØ§ Ù…Ø¹Ø°Ø¨Ù‡Ù…,pos
Bien,pos
bravo sami,pos
like,pos
fi l3aleli ye semi  !le roi de tous les cannaux !!!!!,pos
Bravo sami mais twa7chna ala wino,pos
A7la baramij 3ala elhiwar ettounsi,pos
"je crois que cristophe de chavannes a dÃ©teint sur sami el fahri ou 3ala chebi je ne sais pas l'idÃ©e de qui? en gros c une bonne Ã©mission qui convient mieux, Ã  mon avis, au profil de sami que dlilek mlak.  pourvu que les sujets futurs Ã  traitÃ©s  par l'Ã©mission aura les sujets adÃ©quats. Bonne chance",pos
Bonne continuation LL Amam.,pos
brovo vrement,pos
barnemej mezyen,pos
B tawfi9 semi,pos
Bravo sami bon courage,pos
Tayaaaaaaaaaaaara,pos
jam,pos
ÙƒØ§Ù† Ø¨Ø±Ù†Ø§Ù…Ø¬ Ø¨Ù†ÙØ³ Ø§Ù„Ø§Ø³Ù… Ø¹Ù„Ù‰ Ø§Ù„ÙˆØ·Ù†ÙŠØ© Ø§Ù„Ø«Ø§Ù†ÙŠØ© ØªÙ‚Ø¯Ù…Ù‡ ÙØ§ØªÙ† Ø§Ù„ÙˆØ³Ù„Ø§ØªÙŠ Ù‚Ø¯Ø§Ø´ ÙƒØ§Ù† ÙŠØ¹Ø¬Ø¨Ù†ÙŠ Ø®Ø³Ø§Ø±Ø© Ù…Ø§Ø¹Ø§Ø¯Ø´ ÙÙŠ  Ø¹ÙˆØ¶ Ø§Ù…ÙˆØ± Ø¬Ø¯ÙŠØ© Ø§Ù„Ù…Ø§Ø³Ø· Ø§Ù† Ø´Ø§Ù„Ù„Ù‡ Ù…ÙˆØ´ ØªØ§ÙÙ‡  Ø¨Ø±ÙƒØ©,pos
Ø´Ø§Ø±ÙƒÙˆÙ†Ø§ Ù…Ø¹Ø§ÙƒÙ… ÙÙŠ Ø§Ù„Ø­ÙˆØ§Ø± Ø§Ù„ØªÙˆÙ†Ø³ÙŠ Ø§Ù†Ù‡Ø§ Ø§Ù„Ù‚Ù†Ø§Øª Ø§Ù„Ù…ÙØ¶Ù„Ø©  Ø¹Ù†Ø¯Ù†Ø§ ÙÙŠ Ø§Ù„Ø®Ø§Ø±Ø¬ Ù†Ø­Ù† Ù…ÙˆØ§Ø·Ù†ÙˆÙ† Ø¨Ø§Ù„Ø®Ø§Ø±Ø¬ Ù…ÙŠÙ„Ø§Ù†Ùˆ,pos
Ø±Ø¨ÙŠ ÙˆÙÙ‚Ùƒ Ø³Ø§Ù…ÙŠ ÙÙŠ Ø§ÙÙƒØ§Ø±Ùƒ  ÙˆØ®Ø¯Ù…ØªÙƒ Ø§Ù„Ù…Ù…ØªØ§Ø²Ø©,pos
"M66 b1 ki 5ammamet fina semi, dÃ©jÃ  hata el watania 2 e7telouhaÂ« kahanet el ma3bed Â» majless enouweb w te7remna mil sÃ©rie choufli hal walet tet3ada sahriya guiniya, w brabbi na9sou mil baramej politique rahi 5arjet min 5choumna",pos
Brovooooo sami,pos
bon  barnemej  yzid  fi categorie  tounes ..bravo,pos
bettawfi9 sami....nesstanewik,pos
bsara7e  .....hathe barneemej  tayaaaaaaaaaaaaaraa yeessssserrrrrrr...kif el 3azef  3al piano  wkkif ra9s le ballÃ© ......bravo sami,pos
Ø¨Ø±Ø¨ÙŠ Ø§Ù„Ø¬Ù…Ø§Ø¹Ø© Ø§Ù„ÙŠ ØªØªØ±Ù‡Ø¯Ù† Ø¹Ù„Ù‰ Ø§Ø³Ø§Ø³ Ù…Ù‚Ø§Ø·Ø¹ÙŠÙ† Ù‚Ù†Ø§Ø© Ø§Ù„Ø­ÙˆØ§Ø±ØŒ Ù…Ø§ØºÙŠØ± Ù…Ø§ ØªØ¹Ø·ÙŠÙˆ Ø±Ø§ÙŠÙƒÙ…ØŒ Ù…Ø§ÙƒÙ… Ù…Ù‚Ø§Ø·Ø¹ÙŠÙ†Ù‡Ø§ Ø¨Ø±Ø¨ÙŠ Ø´Ù‚Ø§Ø¹Ø¯ÙŠÙ† ØªØ¹Ù…Ù„Ùˆ Ù‡ÙˆÙ†ÙŠ ØŸ  Ø§Ø­Ù†Ø§ Ø§Ù„Ù…Ø³ØªÙˆÙ‰ Ø§Ù„ÙŠ ØªØ­Øª Ø§Ù„Ø³ÙÙ„ÙŠ Ø¨ 10 Ø·ÙˆØ§Ø¨Ù‚ Ùˆ Ù†ØªÙˆÙ…Ø§ Ø§Ù„Ø§Ø±Ù‚Ù‰ ÙŠØ§ Ø³ÙŠØ¯ÙŠ Ù…Ø§ÙƒÙ… Ù…Ù‚Ø§Ø·Ø¹ÙŠÙ† Ø³ÙŠØ¨ÙˆÙ†Ø§ Ùˆ ÙŠØ²ÙŠÙˆ Ù…Ø§Ù„ØªÙ†ÙÙŠÙ‚ Ùˆ Ø§Ù„ØªØ±Ù‡Ø¯ÙŠÙ† Ù…Ø±Ø®ØµÙƒÙ…,pos
belahi eka nes li tnaber ou tseb fi l7war etounsi n7eb n9olkom ken 3jebkom tfadhlou ou ma3jebkomch ya 5oya a9al chay 3abrou 3la raykoum men 8ir  klem zayed 5likom nes mot7adhrin,pos
Ù†ØªØ§Ø¨Ø¹ ÙÙŠ Ø¨Ø±Ø§Ù…Ø¬Ùƒ Ùˆ Ù‚Ø¨Ù„ Ù…Ø§ Ù†Ø¹Ø¯ÙŠ Ø§Ù„Ø¨Ø§ÙƒØ§Ù„ÙˆØ±ÙŠØ§ ÙÙŠ Ù‚Ù†Ø§Ø© 21 ÙÙŠ ÙˆÙ‚Øª Ø¥Ù„ÙŠ Ø§Ù„Ø¥Ø¹Ù„Ø§Ù… Ù…Ø§Ø²Ø§Ù„ Ø­Ø§Ù„Ø© Ù…Ø§Ù‡ÙˆØ´ Ø±Ø§Ù‚ÙŠ Ø¹Ø¨Ø§Ø¯ ÙÙ‡Ù…ØªÙƒ Ùˆ Ø¹Ø¨Ø§Ø¯ Ù…Ø§ ÙÙ‡Ù…ØªÙƒØ´ Ù…Ø§ Ø¹Ù†Ø¯ÙŠ Ù…Ø§ Ù†Ø¹Ù„Ù‚ ÙƒÙ†Øª Ø³Ø¨Ø¨ Ø¨Ø§Ø´ Ø¹Ø§ÙˆÙ†Øª Ø§Ù„Ø²ÙˆØ§ÙˆÙ„Ø© Ùˆ Ø¨Ø§Ø´ ØµÙ„Ø­Øª Ø¯ÙŠØ§Ø± Ø®Ø§ÙŠØ®Ø© ÙÙŠ Ø¨Ø±Ù†Ø§Ù…Ø¬ Ø¯Ø§Ø±ÙŠ Ø¯ÙŠÙƒÙˆØ§ Ø«ÙŠÙ‚ØªÙŠ ÙÙŠÙƒ ÙƒØ¨ÙŠØ±Ø© ÙÙŠ Ø§Ù„Ø£ØµÙ„ Ù‡ÙŠ Ø§Ù„Ø´ÙƒÙˆÙ‰ Ù„Ø±Ø¨ÙŠ Ø£Ù…Ø§ Ø¥Ù†ØªÙŠ Ùˆ Ù†ÙˆÙÙ„ Ùˆ Ø­Ù…Ø²Ø© Ø§Ù„Ø¨Ù„ÙˆÙ…ÙŠ Ø¨Ø§Ù„Ø­Ù‚ ÙˆÙ„Ø§Ø¯ Ø¹Ø§ÙŠÙ„Ø§Øª Ùˆ Ø´ÙƒÙˆÙ†ÙŠ Ø£Ù†Ø§ Ø¨Ø§Ø´ Ù†Ø­ÙƒÙ… Ø¹Ù„ÙŠÙƒÙ… Ø±Ø§Ù†ÙŠ ØªÙ…Ø±Ù…Ø¯Øª Ø¨Ø§Ø±Ø´Ø§ Ù…Ù† 1987 Ù…Ù† ÙˆÙ‚ØªÙ„ÙŠ Ø¯Ø®Ù„Øª ÙÙŠ Ø§Ù„ÙˆØ¶ÙŠÙØ© Ø§Ù„Ø¹Ù…ÙˆÙ…ÙŠØ© Ùˆ Ù…Ø§ Ø­Ù‚Ù‚Øª Ø´ÙŠ Ù„Ù„ÙŠÙˆÙ… ØŒ Ù…Ø§ Ù†ÙŠØ´ Ø·Ø§Ù…Ø¹ ÙÙŠ Ø­Øª Ø´ÙŠ Ø´ÙØª ÙÙŠÙƒÙ… Ø§Ù„Ø¹Ø§ÙŠÙ„Ø© Ø¥Ù„ÙŠ ÙÙ‚Ø¯ØªÙ‡Ø§ ÙƒÙ„Ø§Ù…ÙŠ Ø·ÙˆÙ„ Ø£ÙƒØªÙÙŠ Ø¨Ø§Ø´ Ù†ØªÙ…Ù†Ø§Ù„Ùƒ Ø§Ù„ØªØ£Ù„Ù‚ Ø¨Ù…Ø²ÙŠØ¯ Ø§Ù„Ù†Ø¬Ø§Ø­ Ø¨Ø±Ø´Ø§ ÙŠÙƒØ°Ø¨ÙˆØ§ Ø¹Ù„Ù‰ Ø±ÙˆØ§Ø­Ù‡Ù… ÙÙ…Ø§Ø´ Ø­Ø¯ ÙŠÙ†Ø¬Ù… ÙŠÙˆØµÙ„ Ù„Ù…Ø³ØªÙˆØ§Ùƒ Ø§Ù„Ø¥Ø¹Ù„Ø§Ù…ÙŠ Ù‚Ù„Ø¨Ùƒ Ø§Ù„Ø·ÙŠØ¨ ...,pos
ØªØ­ÙŠØ© Ù„Ø³Ø§Ù…ÙŠ Ø§Ù„ÙÙ‡Ø±ÙŠ Ø¹Ù„Ù‰ Ø¨Ø±Ù†Ø§Ù…Ø¬Ù‡ Ø­ÙƒØ§ÙŠØ§Øª ØªÙˆÙ†Ø³ÙŠØ© ÙˆÙ‚Ø¯ Ø§Ø­Ø³Ù†Øª Ø§Ø®ØªÙŠØ§Ø± Ø§Ù„Ù…ÙˆØ§Ø¶ÙŠØ¹ Ø§Ù„Ø³Ø§Ø¨Ù‚Ø© ÙˆÙ„Ø§Ø²Ù„Øª ØªØ­ÙŠØ© Ù…Ù† Ø§Ù„Ù‚Ù„Ø¨ Ù„Ø§Ù…Ø«Ø§Ù„ Ø­Ù…Ø²Ø© Ø§Ù„Ø¨Ù„ÙˆÙ…ÙŠ Ø§Ø­ØªØ±Ù…Ù‡ ÙƒØ«ÙŠØ±Ø§ ÙˆØ§ÙƒÙ† Ù„Ù‡ Ø§Ù„Ù…Ø­Ø¨Ø© ÙˆØ§Ù„ØªÙ‚Ø¯ÙŠØ± Ù†ÙˆÙÙ„ Ø§Ù„ÙˆØ±ØªØ§Ù†ÙŠ Ø§Ù„Ø°ÙŠ ÙŠØªØ§Ù„Ù… ÙƒØ«ÙŠØ±Ø§ Ù„Ù„Ø§ÙˆØ¶Ø§Ø¹ Ø§Ù„Ø§Ù†Ø³Ø§Ù†ÙŠØ© ÙˆØºÙŠØ±Ù‡Ù… Ù…Ù† Ø§Ù„Ù…Ù†Ø´Ø·ÙŠÙ† ÙˆØ§Ù„Ù„Ù…Ù†Ø´Ø·Ø§Øª Ø¨Ø§Ù„Ø­ÙˆØ§Ø± Ø§Ù„ØªÙˆÙ†Ø³ÙŠ Ø§Ø´Ø¯ Ø¹Ù„Ù‰ Ø§ÙŠØ§Ø¯ÙŠÙƒÙ… ÙˆØ§Ù‚ÙˆÙ„ Ù„ÙƒÙ… Ø§Ù„Ù‰ Ø§Ù„Ø§Ù…Ø§Ù… ÙˆØ§Ù„Ù„Ù‡ ÙˆÙ„ÙŠ Ø§Ù„ØªÙˆÙÙŠÙ‚ Ù…Ù† Ù…ÙˆØ§Ø·Ù†Ø© Ø¬Ø²Ø§Ø¦Ø±ÙŠØ© Ù…Ù‚ÙŠÙ…Ø© Ø¨ØªÙˆÙ†Ø³ Ø§Ù„Ø­Ø¨ÙŠØ¨Ø©,pos
Ø·ÙˆÙ„ Ø¹Ù…Ø±Ùƒ Ù‚Ø¯Ø±Ùƒ Ø¹Ø§Ù„ÙŠ Ùˆ Ø±Ø§Ù‚ÙŠ ÙÙŠ Ø¢Ø¯Ø§Ø¦Ùƒ Ø§Ù„Ø¥Ø¹Ù„Ø§Ù…ÙŠ ÙŠØ§Ø³Ø± Ù…ØªØ±Ø¨ÙŠ ÙŠØ§Ø§Ø§Ø§Ø§Ø³Ø± Ø£Ù…Ø§ Ù…Ù† ÙØ¶Ù„Ùƒ Ø®ÙˆØ° ÙˆØ¶Ø¹ÙŠØ§Øª Ø¥Ø¬ØªÙ…Ø§Ø¹ÙŠØ© Ø®Ù†Ø­ÙŠÙˆØ§ Ø§Ù„ÙØ³Ø§Ø¯ Ù…Ù† Ù‡Ø§Ù„Ø¨Ù„Ø§Ø¯,pos
Ø¨Ø±Ù†Ø§Ø§Ø§Ø§Ù…Ø¬ Ø±ÙˆØ¹Ø© ÙˆØ§Ù„Ø§Ø±ÙˆØ¹ Ø§Ø³ØªØ¯Ø¹Ø§Ø§Ø§Ø¡ Ù†ÙˆÙÙ„ Ø§Ù„ÙˆØ±ØªØ§Ù†ÙŠ Ø£Ø­Ø³Ù† Ù…Ù†Ø´Ø· Ø¨Ø±Ø§Ø§Ø§Ø§Ù…Ø¬ Ø¨Ø§Ù„Ù†Ø³Ø¨Ø© Ø§Ù„ÙŠ,pos
Ø§Ù†Ø´Ø§Ø¡Ø§Ù„Ù„Ù‡ Ø¨Ø§Ù„ØªÙˆÙÙŠÙ‚ ÙˆØ§Ù„Ù†Ø¬Ø§ÙƒÙ…,pos
Sami yaatik essaha fiel mawadhiiilli tjibhom  femmechi me enness tekdh drouss we tahtat min koll chey,pos
Ø®Ù„ÙŠ ÙŠÙ‚ÙˆÙ„Ùˆ ÙˆØ§Ø´ ÙŠÙ‡Ù… ÙÙŠÙ„ÙŠ ÙŠØ´ÙƒØ± ÙˆÙ„Ø§ ÙŠØ°Ù… Ø§Ù„Ù…Ù‡Ù… Ø§Ù†Øª ÙÙŠ Ø§Ø²Ø¯Ù‡Ø§Ø± Ø³Ù…Ø³ÙˆÙ…,pos
One of the best programs  ğŸ‘Œ,pos
Ù…Ù†ÙˆØ§Ø© ÙŠØ§ Ø³Ø§Ù…Ø© Ø§Ù†Ø§ Ù…Ù† Ø¬Ù†ÙˆØ¨ Ù†Ø­Ø¨Ùƒ Ø¨Ø±Ø´Ø§ Ø§Ù†Øª Ùˆ Ø¨Ù†ØªÙƒ Ø±Ø¨ÙŠ Ø®Ù„ÙŠÙƒÙ… Ø§Ù„ÙŠ Ø¨Ø¹ØµÙƒÙ…,pos
Tanja7,pos
Ù‡Ù‡Ù‡,pos
Hhhhhh,pos
hhhhhh,pos
ye semi sada9ni klemek elkolou s7i7e men koun rabi ysir echay hedheka,pos
Ù…Ø±Ø£Ø© ØªÙˆÙ†Ø³ÙŠØ© Ø­Ø±Ø©,pos
Ø§Ù„Ø²ÙŠÙ† Ø§Ù„ØªÙˆÙ†Ø³ÙŠ ÙˆØ­Ø¯Ùˆ,pos
Issam Ben Othmen ÙŠØ§ Ø§Ù„Ø§Ù‡ÙŠ Ù‡Ù‡Ù‡Ù‡Ù‡Ù‡Ù‡Ù‡Ù‡,pos
aaaaaaaaaaaaaaağŸ˜‚ğŸ˜‚ğŸ˜‚ğŸ˜‚ğŸ˜‚ğŸ˜‚,pos
Ù‡Ù‡Ù‡Ù‡Ù‡Ù‡Ù‡Ù‡,pos
Ù‡Ù‡Ù‡Ù‡Ù‡Ù‡Ù‡Ù‡Ù‡,pos
Ù‡Ù‡Ù‡Ù‡Ù‡Ù‡Ù‡Ù‡Ù‡Ù‡Ù‡Ù‡Ù‡,pos
Hhhhhh,pos
Hhhhhhh,pos
mala ****** hh,pos
Thabli,pos
Ù‡Ù‡Ù‡Ù‡Ù‡Ù‡,pos
hh,pos
nchalah fi 3awda,pos
ØªØ¹Ø¬Ø¨Ù†ÙŠ,pos
Hahaha,pos
Hhhhh,pos
Machalah,pos
Kol ysebou w yetfarjou Hhhh,pos
MÃ¢le tane9odh,pos
samy fahri tooop,pos
Ø¨Ø±Ø§ÙÙˆØ§ Ø¹Ù„ÙŠ Ø³ÙŠ Ø³Ø§Ù…ÙŠ Ø§Ø®ØªÙƒÙ… Ù…Ù† Ø§Ù„Ø¬Ø²Ø§ÙŠØ±,pos
Ø¨Ø±Ø§ÙÙˆ Ø³Ø§Ù…ÙŠ Ø¨Ø±Ù†Ø§Ù…Ø¬ Ù‡Ø§Ø¯Ù,pos
FidÃ¨le Ã  votre Ã©mission ke j'aime bcoup Mr Samy fehri bravo et bonne continuation ğŸ‘ğŸ‘ğŸ‘ğŸ‘ positive ,pos
Ahsan hisa wahsan kanat fi magrab arabi ou ahsan moukadam sami fahri,pos
Une trÃ¨s belle Ã©mission sincÃ¨rement bravo monsieur sami c la meilleure parmi tes Ã©missions,pos
<3ï»¿,pos
Ù…Ù„Ø§ Ø³Ø§Ù…ÙŠ. Ø¨Ø±Ø§ÙÙˆ.Ù‡Ù‡Ù‡Ù‡Ø®,pos
Ã‡a fait chaud au cÅ“ur !,pos
love it <3 <3 <3,pos
Ø¨Ø±Ø§ÙÙˆ Ù‚Ù†Ø§Ø© Ø§Ù„ØªÙˆÙ†Ø³ÙŠØ© Ø§Ù†Øª Ø§Ù„Ø§ÙØ¶Ù„ Ø§Ø¹Ù…Ø§Ù„ Ù…Ù…ØªØ§Ø²Ø© Ø¨Ø±Ø§ÙÙˆ Ø³Ø§Ù…Ù‰ Ø§Ù„ÙÙ‡Ø±ÙŠ,pos
bravoo sami barnemj tayara,pos
une bonne trasmission avec des idee que peuvent  aider  notre sosiete  ..bravo sami,pos
Ø­Ø¨Ùƒ ÙˆØ§Ø­Ø¨ Ø­ØµØ© Ø§Ø¹Ø·ÙŠÙƒÙ… Ø§Ù„ØµØ­Ø© ÙŠØ§ Ù‚Ù†Ø§Ø© Ø§Ù„Ø­ÙˆØ§Ø± Ø§Ù„ØªÙˆÙ†Ø³ÙŠ Ùˆ Ø§Ø¹Ø·ÙŠÙƒ Ø§Ù„ØµØ­Ø© ÙŠØ§ Ø³Ø§Ù…ÙŠÙŠÙŠÙŠÙŠ Ø§Ù„ÙÙ‡Ø±ÙŠÙŠÙŠÙŠ,pos
"bravo   sami    bravo   barnamij      tayara   "" winabar    latbariklou   "" ",pos
Ø¨Ø±Ø§ÙÙˆ Ù‚Ù†Ø§Ø© Ø§Ù„ØªÙˆÙ†Ø³ÙŠØ©ï»¿,pos
Ø³Ø§Ù…ÙŠ Ø§Ù†Øª Ø§Ù„Ù…Ø¹Ù„Ù…ğŸ˜˜ğŸ˜˜ğŸ‘je t'adore,pos
Ø§Ù†Ø§ Ø¬Ø²Ø§Ø¦Ø±ÙŠØ© ÙˆØ§Ù„Ù„Ù‡ Ø¹Ø¬Ø¨ØªÙ†ÙŠ Ø§Ù„Ø­ØµÙ‡ Ø¨Ø²Ø§Ù Ù„Ø§ ØªÙ‚Ù„ÙŠØ¯ Ù„Ø§ Ø´ÙŠÙ‰Ø¡ Ø§Ù†Ø§ Ù†Ø­Ø¨ Ø­ØµØµ ØªÙˆÙ†Ø³ÙŠÙ‡ Ù‡ÙƒØ°Ø§ ÙƒÙ†Øª ØªØ§Ø¨Ø¹ Ø¹Ù†Ø¯ÙŠ Ù…Ø§ Ù†Ù‚Ù„Ùƒ ÙˆØ°Ø±ÙƒØ§ Ù‡Ø°Ù‡ ÙˆØ§Ù„Ù…Ù†Ø´Ø· ÙŠØ¹Ø±Ù ÙŠÙ†Ø´Ø· ÙˆØºÙ†ÙŠ Ø¹Ù† Ø§Ù„ØªØ¹Ø±ÙŠÙ ÙˆØ§Ù„Ù„Ù‡ Ø±ÙˆØ¹Ù‡ ÙˆÙ‚Ø§Ø³ØªÙ†ÙŠ Ø§Ù„Ù…Ø±Ø£Ù‡ ÙˆØ¹Ø§Ø´Øª Ø¨ Ø£ÙˆØ±Ø¨Ø§ ÙˆÙƒØ§Ù†Øª ØªØµØ¨Ø± Ø£ÙƒØ«Ø± Ø±Ø§Ù†Ø§ Ø­Ø§Ù…Ù„ÙŠÙ† Ø§Ù„Ø°Ù„ ÙˆØ§Ù„Ø§Ù‡Ø§Ù†Ù‡ Ø§ÙƒØ«Ø± Ù…Ù† Ø£Ø¬Ù„ Ø§Ù„Ø§ÙˆÙ„Ø§Ø¯ Ø¨Ø±Ùƒ,pos
barnemij yaser luxe wlh w yhel l3inin ala barcha hajet,pos
Ø­ØªÙŠ ÙƒØ§Ù† Ø§Ù„Ø¨Ø±Ù†Ø§Ù…Ø¬ Ù…Ù‚Ù„Ø¯ ÙƒÙŠÙ…Ø§ Ø¨Ø±Ø´Ø§ Ù†Ø§Ø³ Ù‚Ø§Ù„Ùˆ Ø§Ù…Ø§ Ø¨Ø±Ù†Ø§Ù…Ø¬ Ø­Ù„ÙˆÙˆÙˆ Ø¨Ø±Ø´Ø§ ÙÙŠÙ‡ Ù†Ø§Ø³ Ù…ØªØ«Ù‚ÙÙ‡ ÙŠØ¹Ø±ÙÙˆ ÙƒÙŠÙØ§Ù‡ ÙŠØ­ÙƒÙŠÙˆ Ù…ÙÙ‡ÙˆØ´ Ø­ØªÙŠ Ø¹ÙŠØ¨ Ùˆ Ù†Ù‚ØµÙˆ Ø´ÙˆÙŠ Ù…Ù† Ø³Ø¨Ø§Ù† Ø¹Ù„Ù‰ Ù†Ø§Ø³ Ø§Ø²Ø§Ø­ÙŠ ÙƒÙ„ Ø´ÙŠ ØªØ¹Ù…Ù„Ùˆ ÙÙŠ Ù…Ø´ÙƒÙ„Ù‡ ÙˆÙƒÙ„ Ø´Ù‰ Ù…ÙŠØ¹Ø¬Ø¨ÙƒÙ…Ø´ Ù‡Ø°ÙŠÙƒØ§ Ù‡ÙŠ ØªÙˆÙ†Ø³ Ø­ØªÙŠ Ø§Ø­Ù†Ø§ Ø¯ÙŠÙ…Ø§ ÙÙŠ Ù„Ø®Ø± Ù†Ù‚ØµÙˆ Ù…Ù† ØªÙ†Ø¨ÙŠØ± ÙˆÙ„ÙƒÙ„Ø§Ù… Ø§Ù„ØªØ§ÙÙ‡ . Ø¨Ø±Ø§ÙÙˆ Ø³Ø§Ù…ÙŠ,pos
j'aime beaucoup l'Ã©mission maoudhou3 7sass barcha lhadaf mnou taou3awi tath9ifi,pos
Excellent programme. Bonne continuation,pos
"TrÃ¨s belle Ã©mission, attention aux pervers et perverses narcissique, se sont des gens toxiques qui vous pourrisse la vie et vous renferme sur vous mÃªme, au de devenir chÃ¨vre ğŸ",pos
Ø¨Ø±Ù†Ø§Ù…Ø¬ Ø±Ø§Ø¦Ø¹,pos
vraiment toooooop brnamj hlou barcha w tres interessant bravoo hedhi ahsen fikra min afkarek ya sami,pos
bravo sami elfihri et bonne continuation,pos
Bravo pour le programme !,pos
Programe tayara vraiment bravo,pos
Ø¨Ø±Ù†Ø§Ù…Ø¬ Ø±Ø§Ø¦Ø¹ Ø¨ØµØ±Ø§Ø­Ø© Ùˆ Ù…Ø¹Ù„ÙˆÙ…Ø§Øª Ù…ÙÙŠØ¯Ø© Ù…Ù† Ø§Ø­Ø³Ù† Ø§Ù„Ø¨Ø±Ø§Ù…Ø¬ Ø§Ù„ØªÙˆÙ†Ø³ÙŠØ©,pos
Bravo pour cette Ã©mission.  Il est trÃ¨s difficile de ce dÃ©faire d'un pervers narcissique il faut avoir le dÃ©clic et reprendre confiance en soit.,pos
j'ai trop aimÃ© l'Ã©mission...un nouveau concept,pos
"bravo ,excellent programme",pos
"bravo elhiwar ettonusi , Bonne continuation",pos
"vraiment bravo oulh   hethom les sujets eli normalment yahkiou fehom o yshedo fehom shiih lekher dkika :"").",pos
Ø±Ø¬ÙˆÙ„ÙŠØ© Ø®Ù„ÙŠÙˆ Ù„Ø¨Ø±Ù†Ø§Ù…Ø¬ Ù‡Ø°Ø§ Ø®ÙŠØ± Ù…Ù† Ø¹Ù†Ø¯ÙŠ Ù…Ù†Ù‚Ù„Ùƒ Ø£Ø±Ù‚Ù‰ ÙÙŠÙ‡ Ø¹Ø¨Ø§Ø¯ Ù…Ø®ØªØµÙŠÙ† ÙÙŠ Ø¹Ù„Ù… Ø§Ù„Ù†ÙØ³ Ùˆ Ø¹Ø¨Ø§Ø¯ Ù…ØªØ«Ù‚ÙØ© ÙŠÙ†Ø¬Ù…Ùˆ ÙŠØ¹Ø§Ù„Ø¬Ùˆ Ù„Ø­Ø§Ù„Ø§Øª Ø¨ÙƒÙ„ Ø¥Ø­ØªØ±ÙÙŠØ© Ø®ÙŠØ± Ù…Ù† Ø³ÙŠ Ø¹Ù„Ø§Ø¡ Ø§Ù„Ø¬Ø§Ù‡Ù„.,pos
3ala9al barnamej taw3awi wmoufakrin wmastour 5ir men3adi man9olek,pos
brnmej behi barvo,pos
Ø¨Ø±Ø§ÙÙˆ Ø¨Ø±Ù†Ø§Ù…Ø¬ Ø±ÙˆØ¹Ø© Ø¨Ø§Ù„ØªÙˆÙÙŠÙ‚,pos
"Bravo Sami El Fehri, trÃ¨s bon programme ğŸ˜ŠğŸ‘",pos
Bravo sami l'fehri Aal barnemejj (y),pos
j'aime l'Ã©mission mais sami laisse les gens parlÃ©s merde!,pos
Ù‚ÙŠÙ…Ø© Ø§Ù„ÙÙƒØ±Ø© Ù„Ù„Ø¨Ø±Ù†Ø§Ù…Ø¬ ÙŠØ§Ø³Ø± Ø­Ù„ÙˆÙ‡ ÙŠÙˆØ¹ÙŠ ÙˆÙŠØ«Ù‚Ù ØªØ¹Ø§Ø·ÙØª Ø¨Ø±Ø´Ø§ Ù…Ø¹ Ù†Ø±Ù…ÙŠÙ†,pos
"merci Sami pour ce debat .moi meme j ai etait victime d un pervere narcissique desole Sami mais se qui manque a cette emission c est la fin ,il fallait terminer par comment reconnaitre un pervers et ne plus tomber dans ses filets. Merci.",pos
"Merciiiiiiiiiiii Sami enne ta5ou des sujets concerant les perturbations psychique .......... bravooooooooooooo et bonne continuation, jâ€™espÃ¨re bien Ã  chaque fois te5thou un sujet famech macha3eb tounsi yfi9 bel importance des psy en gÃ©nÃ©ral",pos
Ø´ÙƒØ±Ø§ Ù„ÙŠÙƒÙ… Ø¹Ù„Ù‰ Ù‡Ø§Ø¯ Ø§Ù„Ø¨Ø±Ù†Ø§Ù…Ø¬,pos
"vous avez rÃ©ussi , bravo ! s'interesser du cotÃ© psychologique des gens , ou disant des citoyens, des membres de la sociÃ©tÃ© ajoute un dÃ©grÃ© tres important de conscience et de maturite disant meme une responsabilitÃ© sociale de l'un envers l'autre , et le fait de reveler les complexes qui sont abstraitement des ""tabous "" peut les diminuer avec le temps , Ã  force d'ecouter , de comprendre les autres et de crÃ©er une certaine volontÃ© de s'entraider grace Ã  l'enlÃ¨vement du voile de timiditÃ© , la conscience psychologique dans la sociÃ©tÃ© est une raison , cause , un Ã©lÃ©ment direct en la poussant vers l'avant ,vers le dÃ©veloppement .. ! bon travail",pos
Tres intÃ©ressant bravo pour cette Ã©mission !! En locurence nul ne souhaiterait mourir dans ces circonstances ... L erreur est humaine ok il y a des limites!!ğŸ˜¡,pos
3lech barcha dislike mafhamtech !!!!!! makom t7abou des emissions mta3 mawadi3 bahyia!,pos
bravo milles bravo sami,pos
Ø¨Ø±Ù†Ø§Ù…Ø¬ Ù…Ù„ÙŠØ­ Ø¨Ø²Ø§Ù Ù„ÙˆÙƒØ§Ù† Ø¬Ø§Ø¡ ÙÙŠ Ø¯Ø²Ø§ÙŠØ± Ø¹Ù†Ø¯Ùˆ Ù…Ø§ ÙŠÙØ¶Ø­,pos
Ø¹Ø¬Ø¨ØªÙ†ÙŠ Ù…Ø±Øª Ù…Ø­Ù…Ø¯ Ø¹Ù„ÙŠ ØªØ¹Ø±Ù ØªØ­ÙƒÙŠ ÙˆØ§Ø­Ù„Ø§ ÙˆØ­Ø¯Ù‡,pos
Bravoo semi ala el emission,pos
lbarnemej ta7foun mai 3leh kafon brabbi wallah bech nrod msarni offff y3ayyef,pos
vraiment chapeau sami,pos
ma7lehom lkol â¤â¤,pos
bravo semi,pos
Ù…Ø­Ù„Ø§Ù‡Ø§Ø§Ø§Ø§ â¤â¤ Ùˆ Ø±Ø§Ø¬Ù„Ù‡Ø§ Ù‚Ø¯Ø§Ø´ÙˆØ§ Ø±Ø§Ø¬Ù„ Ø±Ø¨ÙŠ ÙŠØ®Ù„ÙŠÙ‡Ù… Ù„Ø¨Ù†ØªÙ‡Ù… â¤,pos
Ø£Ù†Ø§ Ù…Ù† Ø§Ù„Ø¬Ø²Ø§Ø¦Ø± Ø§Ù†ØªØ¸Ø± Ù‡Ø°Ù‡ Ø§Ù„Ø­ØµØ© Ø£Ø³Ø¨ÙˆØ¹ÙŠØ§ Ø´ÙƒØ±Ø§,pos
Ø§Ù„Ø­Ù„Ù‚Ø© Ø¨ÙƒØ§ØªÙ†ÙŠ ÙŠØ§Ø³Ø± Ø¹Ù„Ù‰ Ø®Ø§Ø·Ø± Ø¹Ù†Ø¯ÙŠ Ø²ÙˆØ§Ø¬ 28 Ø³Ù†Ø© Ù…Ø§ Ø¬Ø¨ØªØ´ ØµØºØ§Ø± Ùˆ ÙƒØ§Ù†Ùˆ Ø§Ù„Ø§Ø·Ø¨Ø§Ø¡ ÙŠÙ‚ÙˆÙ„ÙˆÙ†Ù†Ø§ Ø±Ø§ÙƒÙ… Ø§Ù„Ø§ØªÙ†Ø¨Ù† Ù…Ø±Ù†Ø§Ø­ÙŠÙ† Ùˆ ÙƒÙˆÙ† Ù†ÙØªØ±Ù‚ÙˆØ§ Ø±Ø§ÙƒÙ… ØªØ¬ÙŠØ¨ÙˆØ§ ...Ù„ÙƒÙ†ÙŠ Ø§Ø­Ù…Ø¯ Ø§Ù„Ù„Ù‡ Ùˆ Ø§Ø´ÙƒØ±Ù‡ ÙØ¨Ø¹Ø¯ Ø² ÙˆØ§Ø¬ÙŠ Ø¨ 17 Ø³Ù†Ø© Ø§Ø³ØªØ¨ÙŠØª Ø·ÙÙ„Ø© Ù…Ù† Ø§Ù„Ø§Ù‚Ø§Ø±Ø¨ Ùˆ Ø¹ÙˆØ¶Ù†ÙŠ Ø§Ù„Ù„Ù‡ Ø¹Ù† Ø­Ø²Ù† Ø§Ù„Ø³Ù†ÙŠÙ† Ø§Ù…Ø§ Ø¹Ù† Ø²ÙˆØ§Ø¬ÙŠ ÙÙƒØ§Ù† Ø§Ù„Ø­Ù…Ø¯ Ù„Ù„Ù‡ Ø³Ø¹ÙŠØ¯ Ùˆ Ù„Ø­Ø¯ Ø§Ù„Ø§Ù† Ù„Ø§Ø²Ù„Ù†Ø§ Ù†Ø­Ø¨ Ø¨ØºØ¶Ù†Ø§ .......Ùˆ Ø§Ù„Ù ØªØ­ÙŠØ© Ù…Ù† Ø§Ù„Ø¬Ø²Ø§Ø¦Ø± Ù„Ù„Ø§Ø´Ù‚Ø§Ø¡ Ø§Ù„ØªÙˆØ§Ù†Ø³Ø©,pos
bravo Sami,pos
Ø±Ø¬Ù„ ÙˆØ§Ù„Ù„Ù‡ Ø±Ø¨ÙŠ ÙŠÙƒØ«Ø± Ù…Ù†Ù‡,pos
samy fahri ğŸ˜ğŸ˜,pos
Ø­ÙƒØ§ÙŠÙ‡ Ø­Ù„ÙˆÙ‡ ÙˆÙ…ÙˆØ¶ÙˆØ¹ Ø­Ù„Ùˆ,pos
j ai US aussi recours a la fiv hamdoullah aprÃ¨s 4ans de combat j ai US des jumeaux . bravo pour votre Ã©mission car en Tunisie c tabou,pos
Ù…ÙˆØ§Ø¶ÙŠØ¹Ùƒ Ø±ÙˆØ¹Ø© ÙŠØ§Ù‚Ù†Ø§Ø© Ø§Ù„Ø­ÙˆØ§Ø± Ø§Ù„ØªÙˆÙ†Ø³ÙŠ Ù‡Ø¯Ù‡ Ù‡ÙŠ Ø§Ù„Ø§Ø­ØªØ±Ø§ÙÙŠØ© ØªØ­ÙŠØ§ØªÙŠ Ù„Ù„Ø§Ø´Ù‚Ø§Ø¡ Ø§Ù„ØªÙˆÙ†Ø³ÙŠÙ† Ù…Ù† Ø§Ù„Ø¬Ø²Ø§ÙŠØ±,pos
sami lfahri ya grand,pos
love this show ğŸ˜ğŸ˜,pos
un enorme bravo madame RajÃ©! rabbi ya3tik el khir enti wo rajlek,pos
j'adore cet Ã©mission :) Sa me touche trop,pos
Bravoo sami fehri emission tayara ou ness eli testana rabi inoub alehom bedereya esal7a,pos
vraiment bravo pour cette Ã©mission,pos
Ù…Ø­Ù„Ø§Ù‡ Ø§Ù„Ø·Ø¨ÙŠØ¨ Ø¯ÙƒØªÙˆØ± Ø§Ù„ÙŠØ§Ø³ Ø¨Ù† Ù…ÙŠÙ„Ø§Ø¯ Ø±Ø¨ÙŠ ÙŠÙˆÙÙ‚Ùˆ ÙÙŠ Ø§Ø¨Ø­Ø§Ø«Ùˆ Ùˆ ØªØ¬Ø§Ø±Ø¨Ùˆ ØµØ±Ø§Ø­Ø© ÙŠØ´Ø±Ù ØªÙˆÙ†Ø³,pos
bravo,pos
SamyğŸ‘ğŸ‡©ğŸ‡¿â¤,pos
Ù…Ù† Ø®Ù„Ø§Ù„ Ù‡Ø°Ù‡ Ø§Ù„Ø¨Ø±Ø§Ù…Ø¬ Ø­Ø¨ÙŠØª ØªÙˆÙ†Ø³ Ùˆ Ù†Ø§Ø³Ù‡Ø§ Ù†ÙØ³ Ø§Ù„Ù…Ø¹Ø§Ù†Ø§Øª ÙƒÙŠÙÙ†Ø§ ÙÙŠ Ø§Ù„Ù…ØºØ±Ø¨ Ø¨Ø³ Ø§Ù„Ù†Ø§Ø³ Ø·ÙŠØ¨Ø© ØªØ¹Ù…Ù„ ÙˆØªØµØ¨Ø± Ù†Ø§Ø³ Ø±Ø§ÙŠÙ‚Ø© .ØªØ­ÙŠØ© Ù…Ù† Ø§Ù„Ù…ØºØ±Ø¨,pos
M3alem khouya ya3tik esa7a 3ali 3maltou,pos
Bravo bravo yaser ma7lehh ğŸ˜€,pos
ma7leeeeeeeeh rabbi ykather mennou,pos
<3,pos
Mhleh â™¡â˜…â™¡â™¡,pos
Samy hssÃ©ne mouquadÃ©mğŸ‘ğŸ‘ğŸŒ¹,pos
Bravoooo,pos
Bravo,pos
franchement Bravo .... chapeau bas pour cette jeune homme bravooo ...tres touchante <3 <3 <3,pos
m3alem .. bravo wlh <3,pos
ğŸ˜ŠğŸ˜ŠğŸ˜Š,pos
Ma7leeeeeeeeeeeeeeeeh â¤ï¸â¤ï¸â¤ï¸â¤ï¸,pos
TOP ET BRAVO POUR CE SUJET TABOU A SEMIR FEHRI.,pos
Suijet c'est tres important bravo â¤â¤,pos
Ø§Ù„Ø¨Ø±Ù†Ø§Ù…Ø¬ ÙƒÙˆÙ¾ÙŠ Ø§Ø­Ù…Ø± Ø¨Ø§Ù„Ø®Ø· Ø§Ù„Ø¹Ø±ÙŠØ¶ Ø§Ù„Ù„Ø¨Ù†Ø§Ù†ÙŠ Ø¨ØµØ­ ÙŠØ¹Ø·ÙŠÙƒÙ… Ø§Ù„ØµØ­Ù‡ Ù…Ø¬Ù‡ÙˆØ¯ ÙŠØ­Ø³Ø¨ Ù„ÙƒÙ… ğŸ’œğŸ’œğŸ’œğŸ’œ,pos
bravo tre belle emission jadore ce presentateur de tv,pos
bravooooo semi,pos
samy el fehri allah yahmikğŸŒ¼ğŸŒ¼ğŸ’œ,pos
Bravoo ğŸ‘ŒğŸ½,pos
barnemij hadhari tawegawi bi moustawa rafieg wa ijtimegi respect,pos
baramij il kol imta il hiwar tounssi baravo,pos
merci beaucoup Sami il fehri et bon courage .bisou,pos
mahlahom el kol w rabbi yhannihom elkol,pos
ya3jabno sami fehri,pos
Ù…Ø§Ø­Ù„Ø§Ù‡Ø§ Ù„Ø­ÙƒØ§ÙŠØ©,pos
baravooooo luc et ta femmeâš˜âš˜âš˜âš˜âš˜ğŸŒ±,pos
Ù…Ø­Ù„Ø§Ù‡Ù….Ø§Ù„ÙƒÙ„,pos
Ù…Ø§Ø´Ø§Ø¡Ø§Ù„Ù„Ù‡ Ø¹Ù„ÙŠÙƒ Ø³Ø§Ù…ÙŠ,pos
ÙŠØ¹Ø·ÙŠÙƒ Ø§Ù„ØµØ­Ø© Ø³Ø§Ù…ÙŠ Ø¹Ù„Ù‰ Ø§Ù„Ø¨Ø±Ù†Ø§Ù…Ø¬,pos
Mahlakom bel7a9 :),pos
ğŸ‘ğŸ‘ğŸ‘ğŸ‘ğŸ‘ğŸ‘ğŸ‘ğŸ‘ğŸ‘ğŸ‘ğŸ‘ğŸ‘ğŸ‘,pos
bravo sami barnamejek tayara,pos
bravo bravo pr le reportage et le sujet !!! sami el fehri wahdik wlh,pos
comment_text,pos
hhhhhh,pos
Ù‡Ø§ÙŠÙƒ,pos
Ø³ÙŠ Ù„Ø·ÙÙŠ Ø§Ù„Ø¹Ø¨Ø¯Ù„ÙŠ,pos
ÙˆØ­Ø´ Ø§Ù„Ø´Ø§Ø´Ø©,pos
ÙƒÙ„ ÙˆØ§Ø­Ø¯  *** ÙÙŠ Ø¬ÙŠØ¨ÙˆØ§,pos
Ù„Ø·ÙÙŠ Ø§Ù„Ø¹Ø¨Ø¯Ù„ÙŠ âœŒğŸ‘ğŸ’Ÿ,pos
Ø´ÙƒØ±Ø§ Ø¨Ø§Ù„ØªÙˆÙÙŠÙ‚ ÙˆÙ‚Ù†Ø§Ø© Ø§Ù„ØªØ§Ø³Ø¹Ø© Ù‚Ù†Ø§Ø© ÙƒÙ„ Ø§Ù„ØªÙˆÙ†Ø³ÙŠÙŠÙ† ÙˆØ·Ø² ÙˆØ§Ù„Ù Ø·Ø² ÙÙŠ Ù‚Ù†Ø§Ø© Ø§Ù„ÙÙ‡Ø±ÙŠ Ø§Ù„Ø­ÙˆØ§Ø± Ø§Ù„ØªÙˆÙ†Ø³ÙŠ,pos
Ø¹Ù„Ø§Ù‡ Ù…ØªØ³ÙˆÙ…Ù‡Ø§Ø´ Ù‚Ù†Ø§Ø© Ø§Ù„ØªØ±ÙÙŠÙ‡ ÙˆÙŠÙ† Ù†ØªÙØ±Ø¬ Ù†Ø­ÙŠ Ø¹Ù„ÙŠ Ø¨Ø§Ù„ÙŠ Ø´ÙˆÙŠ Ø¨Ø§Ù„ØªÙˆÙÙŠÙ‚ Ø§Ù† Ø´Ø§Ø¡ Ø§Ù„Ù„Ù‡ Ù…Ù† Ø§Ù„Ø¬Ø²Ø§Ø¦Ø±,pos
Bon courage,pos
Brabi 5aliyni nshalkoum 3lach t4azle men Loutfi L3abdeli 3ala 5atre 9biyh fama koumond sahla L3amaliya,pos
Ma3alim ye lotfi rabi m3ak bitawfi9 inchalah,pos
M3alim,pos
Bon courage,pos
M3LLEM ya Loutfi,pos
Bon  courage,pos
Ù…ØªØ§ÙƒØ¯Ø© Ø§Ù„ÙŠ Ø¨Ø´ ÙŠØ·ÙŠØ­ Ø¹Ù„ÙŠÙ‡Ù… Ù„ÙƒÙ„ğŸ˜ğŸ˜ğŸ˜,pos
Ù…Ø§ Ù‚Ù…Ø§Ø´ ØµÙˆØª Ø§ØªÙØ±Ø¬ÙˆØ§ Ø¯ÙŠØ±Ø§ÙƒØª Ø¹Ù„Ù‰ Ø§Ù„ØªØ§Ø³Ø¹Ø© ÙŠØ§Ø§Ø§Ø§Ø³Ø± Ø¶Ù…Ø§Ø§Ø§Ø±,pos
Ù…Ø´ÙƒØ±ÙŠÙ†,pos
im3lem ya weldyyy,pos
Ù…Ø¹Ù„Ù… Ù„Ø·ÙÙŠ Ø§Ù…Ø§ Ù†Ù‚Øµ Ù…Ù† Ø¨ÙŠÙŠÙŠØ¨,pos
Frst,pos
Nice beauteful  ğŸ˜ğŸ˜ğŸ˜ğŸ˜,pos
Lotfi ya  m3allem ğŸ˜,pos
Bon courage,pos
Ø§Ù† Ø´Ø§Ø¡ Ø£Ù„Ù„Ù‡ Ø¨Ø§Ù„ØªÙˆÙÙŠÙ‚,pos
Ø§Ù‡ÙˆÙƒØ© Ù„Ø¯Ù‰ ØªÙˆÙ‰ Ø¶Ø§Ù‡Ø± ÙÙŠÙ‡Ø§ Ø´Ø¨Ø¹Ø© Ø¶Ø­Ùƒ,pos
Ø¸Ø§Ù‡Ø± Ø¨Ø±Ù†Ø§Ù…Ø¬ Ø¨Ø§Ø´ ÙŠØ¹Ù…Ù„ Ø§Ù„Ø¨Ø§Ø² Ù…Ø¯Ø§Ù… ÙÙŠÙ‡ Ù„Ø·ÙÙŠ Ø§Ù„Ù…Ø¹Ù„Ù…,pos
Jaime',pos
Bon courage ğŸ˜™,pos
Booom 3bdeli,pos
Ù„Ø·ÙÙ‰ ÙÙ‰ Ø´ÙˆÙÙ„Ù‰ Ø­Ù„ Ø§Ø¶Ø­Ùƒ Ø¨Ø³ ğŸ˜‚,pos
Love you,pos
Aa lotfiiii,pos
Bon chance,pos
Lotfi el3ebdeli Mala jaw Rabi iwaf9ek,pos
bon courage,pos
ÙˆÙ‡Ù‡Ù‡,pos
Bon CourageğŸ‘ğŸ‘,pos
Brabi tfarrjou aman 9bal wba3d ahkiw z3am ken fi tanbir pfffff,pos
Raby i3ink tayer ğŸ˜›ğŸ˜ğŸ˜»ğŸ˜˜ ena t3jbni,pos
Bon courage ğŸ‘,pos
barcha dho7k,pos
bon courage,pos
rabi m3ek ya lotfi ğŸ˜˜ğŸ‘ğŸ‘ğŸ‘,pos
Bon courage,pos
Bon courage,pos
bon courage,pos
Inchallah betawfi9 we inja7 y'a lotfi,pos
bon couragee,pos
Ù…Ø±Ø­Ø¨Ø§,pos
.Ø¨Ø§Ù„ØªÙˆÙÙŠÙŠÙŠÙŠÙ‚,pos
Oooo3333 ğŸ’©,pos
Bon courage,pos
Macha allah,pos
Bon continuation,pos
Bon courage,pos
Ø§Ù†ÙŠ Ø­Ø§Ø¨ Ù†Ø´Ø§Ø±Ùƒ Ø¨ØµØ­ Ù…Ù†Ø¹Ø±ÙØ´,pos
Bon courage :* :*  :*  (y),pos
Ù…Ø±Ø­Ø¨Ø§,pos
Bon courage,pos
Ù…Ø±Ø­Ø¨Ø§,pos
Alkadia,pos
Wa9tech yebda,pos
Lotfi yam3alam,pos
J'aiiiiiiime ğŸ˜˜â¤ğŸ’—ğŸ’œğŸ’•,pos
Lotfi bitawfi9 dima mnawir,pos
Bon courageğŸ‘ŒğŸ‘,pos
Rabi maek,pos
Bon courage,pos
Bon courage,pos
Bon courage,pos
Bon courage,pos
C'est joli,pos
Bon courage,pos
Mella dakhla maalemğŸ‘bon courage.,pos
Bon couraj,pos
Bon courage ğŸ˜»ğŸ˜˜,pos
Bon courage abdeli â¤â¤,pos
Courage,pos
rabi e3ink ya 3ebdliii..ya 9aherhomğŸ˜ğŸ˜ğŸ˜˜,pos
Bon courage,pos
Waw aww,pos
Bon courage,pos
Bon courage abdili,pos
Bon courage,pos
Ø±Ø¨ÙŠ Ù…Ø¹Ø§Ùƒ,pos
bon courage lotfii ğŸ˜ğŸ˜,pos
Rabbi m3ak enchlh bon courage,pos
Bon courage  lotfi,pos
Na7bek barcha lotfii et bon courage,pos
Ù…Ø±Ø­Ø¨Ø§,pos
Chicken wings hhhh,pos
Ù„Ø·ÙÙŠ ÙŠØ§ Ù…Ø¹Ù„Ù…,pos
Bon courage lotfii ğŸ˜ğŸ˜˜,pos
Bon courage,pos
3Ø¯Ø±Ø§Ø¬ Ù…Ù†Ø´Ø· Ù…Ø¹Ù„Ù… Ù…Ø§Ù„Ø© ÙƒÙŠ ØªÙƒÙ…Ù„ l'Ã©missionØ§Ø´ ØªÙˆÙ„ÙŠ,pos
Ø¨Ø¯Ø§ÙŠØ© Ø­Ù„ÙˆØ©  bonne continuation,pos
Lotfiiiiiiiii,pos
Hhh,pos
Haaa,pos
Ù…Ø¹Ù„Ù…,pos
Ø¹Ø³Ù„,pos
ÙˆØ§Ùˆ,pos
"edda5la mizyena ""lotfi double role "" bon continuation :)",pos
Ù„Ø·ÙÙ€Ù€ÙŠ Ù…Ø³ØªÙ€Ø¯Ø¹ÙŠ Ø±ÙˆØ­Ù€ÙˆÙˆ ğŸ˜‚ğŸ˜‚ğŸ˜‚ğŸ˜‚,pos
Bravo,pos
Bon courage,pos
Bon courage,pos
Bon courage,pos
bon courage,pos
ÙŠØ§ Ù…Ù‡ÙŠÙŠÙŠÙƒ ...,pos
ğŸ˜ğŸ˜ bon chance lotfi ğŸ˜ğŸ˜,pos
ÙˆØ§Ùˆ ÙˆØ§Ùˆ ÙˆØ§Ùˆ ÙˆØ§Ùˆ ÙˆØ§Ùˆ,pos
Jimmy fallon tunisia,pos
Ù…Ù…ØªØ§Ø² Ù„Ø·ÙÙŠ,pos
Chab3a dha7k bravo lotfi,pos
Wali my3jbhouch ykasir rasse Loutfi m3alim wyab9a m3alim haya tiyre,pos
yesser nhebooo lotfiii â¤â¤â¤mabrouk lemision â¤â™¥,pos
chab3a thou7ek hhhhhhhhh,pos
lotfiiiii ğŸ˜ğŸ˜ğŸ˜,pos
Bravo,pos
Bon courage lotfi,pos
Bravo,pos
M3alim,pos
M3alim wnes w ken 3jabkoum,pos
Nchalla b tawfik,pos
Bravo,pos
Dhameer barcha,pos
Bravo lotfi,pos
Ø¨Ø§ØªÙˆÙÙŠÙ‚ Ù†Ø¬Ù…Ù†Ø§ ÙˆØ§ÙƒÙŠØ¯ Ø±Ø­ ÙŠÙƒÙˆÙ† Ù†Ø§Ø¬Ø­ Ø§Ù† Ø´Ø§Ø¡ Ø§Ù„Ù„Ù‡,pos
Ù†ÙˆÙÙ„ ÙˆØ±ØªØ§Ù†ÙŠ Ø¨Ø±Ø§Ù…Ø¬ÙˆØ§ Ø£ØµÙ„Ù† Ù…Ø³Ø±ÙˆÙ‚Ø©,pos
Bravo,pos
Louuu ye fanen,pos
J adore Super,pos
mella lotfi abdeli kima 9al rzougağŸ˜‚ğŸ˜‚ğŸ˜‚,pos
M3alm,pos
ÙÙ†Ø§Ù† Ø´Ø¨Ø¹Ø© Ø¶Ø­Ùƒ,pos
Hhhhh ya lotfi makich 3adi bidmou3 ğŸ˜‚ğŸ˜‚ğŸ˜‚ğŸ˜‚,pos
Ø¨Ø±Ø§ÙÙˆ Ø§ Ù„Ø·ÙÙŠğŸ’“Ø·ÙŠØ§Ø±Ø©,pos
Mala ka3ba ya lotfi,pos
Ø§Ù„Ø´Ù‡Ø±Ø© ØªÙ„ÙŠÙ‚ Ø¨ÙŠÙƒ ÙŠØ§ Ø¹Ø¨Ø¯Ù„ÙŠ ğŸ‘ğŸ‘ğŸ‘ğŸ‘ğŸ‘ğŸ‘,pos
m3alim Lotfi nchallah b naje7,pos
Bravo,pos
M3allime birjoulia .,pos
C'est un truc de ouf ğŸ˜… ğŸ˜‚â¤ï¸,pos
Ø£Ù‚ÙˆÙ‰ Ø¯Ø®Ù„Ø© ÙŠØ§ Ù„Ø·ÙÙŠ Ø®Ù„ÙŠÙ‡Ø§ Ø¯ÙŠÙ…Ø§,pos
"Famma barcha jaw,,m3allem ğŸ˜‰",pos
Ù‡Ù‡Ù‡Ù‡Ù‡Ù‡Ù‡Ù‡ğŸ˜‚ğŸ˜‚ğŸ˜‚,pos
Ø¨Ø§Ù‡ÙŠ Ø¨Ø§Ù„Ù†Ø³Ø¨Ø© Ù„Ù„Ø­Ù„Ù‚Ø© Ø§Ù„Ø§ÙˆÙ„Ù‰ Ø§Ù…Ø§ Ø­Ø§Ø¬Ø© ÙˆØ­Ø¯ÙŠ Ù„Ø·ÙÙŠ Ø­Ù‚Ùˆ ÙŠØ±Ø²Ù† Ø§ÙƒØ«Ø± .. Ù†Ù‚ØµØ¯ Ø¹Ù„Ù‰ Ø§Ù„Ø­Ø±ÙƒØ§Øª Ø§Ù„ÙŠ Ø¹Ù…Ù„Ù‡Ù… Ù…ØªØ§Ø¹ Ù…Ø³Ø±Ø­ Ù…ÙˆØ´ ØªÙ„ÙØ²Ø© Ùˆ Ø§Ù†Ø´Ø§Ù„Ù‡ ÙŠØªØ·ÙˆÙ‘Ø± Ø§Ù„Ø¨Ø±Ù†Ø§Ù…Ø¬ Ø§ÙƒØ«Ø± Ùˆ Ø±Ø¨ÙŠ Ù…Ø¹Ø§ÙƒÙ…,pos
Ø±Ø§Ø¬Ù„ ÙŠØ®Ø¯Ù… Ø¹Ù„ÙŠ Ø±ÙˆØ­ÙˆØ§ Ø±Ø¨ÙŠ Ù…Ø¹Ø§Ù‡ Ø¨Ø±Ø§ÙÙˆØ§ Ù„Ø·ÙÙŠ Ù‡Ø°ÙŠÙƒØ§ Ù‡Ùˆ Ø§Ù„ØªÙˆÙ†Ø³ÙŠ Ø¨ÙˆØ¬Ù‡ÙŠÙ† ÙŠØªÙØ±Ø¬ ÙŠØ¶Ø­Ùƒ Ùˆ Ø¨Ø¹Ø¯ ÙŠØ¬ÙŠ ÙØ§Ø³ Ø¨ÙˆÙƒ Ùˆ ÙŠØ¨Ø¯ÙŠ ÙŠØ³Ø¨,pos
"Ù…Ù„Ø§ ÙˆÙ‡Ø±Ø© ÙŠØ§ Ù„Ø·ÙÙŠ ÙŠØ§ Ù…Ø¹Ù„Ù… Ù…Ø§ÙŠÙ‡Ù…ÙƒØ´ ÙØ§Ù„ØªÙˆØ§Ù†Ø³Ø© Ø±Ø§Ù‡Ùˆ Ù…Ø§ ÙŠØ¹Ø¬Ø¨Ù‡Ù… Ø´ÙŠØ¦ ÙˆØµÙ†Ø§Ø¹ Ø³Ø§Ù…ÙŠ Ø§Ù„ÙÙ‡Ø±ÙŠ ÙŠØ²ÙŠÙ†Ø§ Ù…Ù†Ù‡Ù… Ø±Ø§Ù‡Ù… Ù…Ø§Ø³Ø·ÙŠÙ† Ù„Ø§Ø³Ø·ÙŠÙ† Ø¨Ø±Ø´Ø© Ø¨Ø±Ø´Ø©.
Bonne chance ya lotfi ya m3alemâ™¥â™¡",pos
Bravo talk show neja7 ou mitjadid ou lotfi profil host blevel 3ali..keep going ya3tikom esa77a,pos
Ù„ÙƒÙ„Ù‡Ø§ ØªØ³Ø¨ ÙˆÙ„ÙƒÙ„Ù‡Ø§ ØªØªÙØ±Ø¬ Ø´Ø¹Ø¨ ØªÙˆÙ†Ø³ Ù…ÙˆØ´ Ø¹Ø§Ø¬Ø¨Ùˆ Ù„Ø¹Ø¬Ø¨ Ø´Ø¹Ø¨  Ø´Ù…Ø§ÙŠØªÙŠ ÙˆØ§Ù„Ø­Ù„Ù‚Ø© Ø¹Ø§Ù…Ù„Ø©  11Ù…Ù„ÙŠÙˆÙ† Ø¹Ø§Ù„ÙŠÙˆØªÙŠØ¨,pos
a9wa sil31 fi tounes w kolha tetfrej alih ama alah ghaleb cha3eb monafe9 w nabar w ma nensawech zeda tahan ğŸ˜˜,pos
bravo lotfi 3aned ou letkoun 7soud el mouhem metchelekhech  wetjib wa7da ki meryem mta3 amin,pos
ÙŠØªÙØ±Ø¬Ùˆ Ùˆ ÙŠØ¶Ø­ÙƒÙˆ Ùˆ Ø¨Ø¹Ø¯ ÙŠÙˆÙ„ÙŠ Ù„Ø·ÙÙŠ ØºØ´Ø§Ø´ Ùˆ Ù„ÙƒÙˆÙ„Ù‡Ù… ÙŠØ·ÙŠØ­Ùˆ ÙÙŠÙ‡ Ø±ÙƒØ¨Ù‡ ÙˆØ§Ù„Ù„Ù‡ Ø´ÙŠ Ù…Ø¤Ø³Ù,pos
"Mfamech 3lh tsebou fi rajel, lotfi 9a3ed yjareb fi tajreba jdida Najem n9olou ken rabi m3ak, w brabi ness tseb fih w lt9oul ena tfarjet fih m3a baba wlh 7chemit nheb n9olha w ken tlbes Labssa cv pas 9odem bouk w to5rej biha t7echim ou Nn !!! Brabi 3jebkoum semi fehri w Nawfe yjibouna ben fi 9lit torbeya w 9lit l7ya tv 9rib twali sex,  Wlh cha3eb hedha m3adich fehoum wlh",pos
Nchallah tenjeh nchallak tkoun acteur tanchit najeh bravou wassel kol haja f hyetek jdida nchallah tkoun nejeh feha,pos
Ù„Ù„Ø¹Ø¨Ø§Ø¯ Ø§Ù„ÙŠ ØªÙ†Ø¨Ø± Ø¹Ù„ÙŠ Ù„Ø·ÙÙŠ Ø§Ù„Ø¹Ø¨Ø¯Ù„ÙŠ Ù„Ù‡Ø¯Ø±Ø¬Ø§ Ù‚Ø§Ù‡Ø±ÙƒÙ… Ù‡Ù‡Ù‡ Ù‚ÙˆØªÙˆ ØºØ§Ø¯ÙŠ Ø§Ù†Ùˆ ÙŠØ®Ù„ÙŠÙƒ ØªØ¨Ø±Ø¨Øµ ÙƒÙ„ ÙˆØ§Ø­Ø¯ Ùˆ Ø°ÙˆÙ‚Ùˆ Ùˆ Ø§Ù„ÙŠ Ù…Ø´ Ø¹Ø§Ø¬Ø¨Ùˆ Ù…ÙŠØªÙØ±Ø´ ÙˆÙ„Ù„Ù‡ Ù…Ù†ÙŠ ÙØ§Ù‡Ù… Ù„Ø¹Ø¨Ø§Ø¯ ØªØ­Ø¨ ØªØªÙØ±Ø¬ Ùˆ ØªÙ†Ø¨Ø±,pos
Ø¨Ø±Ø§ÙÙˆ Ù„Ø·ÙÙŠ ØŒÙƒØ­Ù„Ù‚Ø© Ø§ÙˆÙ„ÙŠ ØªØ­ÙÙˆÙ†Ù‡ ÙˆØªÙ‚Ù„ÙŠØ¯Ùƒ Ù„Ù„Ø¨Ø±Ù†Ø§Ù…Ø¬ Ù…Ø´ Ø¹ÙŠØ¨ Ø§Ù„Ù…ÙÙŠØ¯ ØªÙ†Ø¬Ø­ Ø¨Ù†Ø³Ø®ØªÙƒ Ùˆ Ù…Ø§ÙŠÙ‡Ù…ÙƒØ´ ÙÙŠ Ø§Ù„Ù†Ø¨Ø§Ø±Ø©,pos
sem7a ycer el faza ; ma tejra7ch lsenek ou houwa i9oul fiha -_- ma 9alekch ya m3allem efhem rou7ek :p,pos
Li ya9ra l commentairet y9ouuul hata tounsi la3andou lghachaaa w lkolha wollet sal7iiiin ...,pos
Ø¨ØµØ±Ø§Ø­Ø© ÙˆØ­Ø¯Ùƒ ÙŠØ§ Ù„Ø·ÙÙŠ ÙÙŠ Ø§Ù„Ø¬Ùˆ Ùˆ Ø§Ù„Ø¶Ø­ÙƒØ© ÙƒÙ„ Ø´ÙŠØ¡ ÙŠÙˆØ§ØªÙŠÙƒ Bravooooooooooo......,pos
Walah tdhakarni b Arthur wa9tha efarek fihoum 3la lebes w nawefel fartas hhh bravo Lotfi,pos
Ø¨Ø§Ù„Ù„Ù‡  ÙŠØ§ Ù„Ø·ÙÙŠ Ø§Ù„Ø¨Ø±Ù†Ø§Ù…Ø¬  Ø¨Ø¯Ù„Ùˆ ÙˆÙ‚ØªÙˆ Ø¨Ù„Ø­Ø¯ ÙˆØ§Ù„Ø§ Ø§Ù„Ø§Ø«Ù†ÙŠÙ†  Ø®Ù„ÙŠÙ†Ø§ Ù†Ø±ØªØ§Ø­Ùˆ Ù…Ù„ÙˆÙƒÙˆØ§Ùƒ Ø³Ø§Ù…ÙŠ Ø§Ø§ÙÙ‡Ø±ÙŠ,pos
Ù„Ø·ÙÙŠ Ø¨Ø±Ø§ÙÙˆ ÙˆØ§ØµÙ„ Ø®ÙŠØ± Ù…Ù† Ø¨Ø±Ù†Ø§Ù…Ø¬ Ø±Ø§Ø³ Ø§Ù„Ø¨ØµÙ„,pos
Ø¨Ø±Ø§Ø§Ø§Ø§ÙÙˆ ÙˆØ§ØµÙ„.  ğŸ‘ğŸ‘ğŸ‘Ø¨Ø±Ù†Ø§Ù…Ø¬ Ù†Ø§Ø¬Ø­,pos
Zapiwwwww w a5tawna,pos
ma7lek lotfi bravo twansa dima nabara bravo nhibik,pos
Ù…Ø¹Ù„Ù… Ù„Ø·ÙÙŠ ÙƒÙ„Ø§Ù…Ùƒ ØµØ­ÙŠØ­ Ø±Ø¨ÙŠ Ù…Ø¹Ùƒ Ø¨Ø±Ù†Ø§Ù…Ø¬ Ø¨Ø§Ù‡ÙŠ Ø§Ù„Ù‰ Ø§Ù„Ø§Ù…Ø§Ù…,pos
Ù‡Ù‡Ù‡ Ù…Ø¹Ù„Ù… Ù†Ø³ØªØ¹Ø±Ù Ø¨ÙŠÙƒ Ù‡Ù‡Ù‡Ù‡Ù‡Ù‡ Ø¨Ù„ÙŠØ¯,pos
BravooooğŸ‘ğŸ‘ğŸ‘,pos
ÙŠØ¹Ø±Ù ÙƒÙØ´ ÙŠØ®Ø¯Ù… Ù„Ø­Ù„ÙˆÙ bien,pos
70% Ù…Ù„ÙŠ ÙŠØ³Ø¨ÙˆØ§ Ù…ØªÙØ±Ø¬ÙˆØ´ ÙØ§Ù„Ø­Ù„Ù‚Ø© ğŸ˜,pos
Braaaaaaaaavo ebdelli,pos
Ù„Ø·ÙÙŠ ÙŠØ¹Ø¬Ø¨Ù†ÙŠ ÙˆØ§Ù† Ø´Ø§Ø¡ Ø§Ù„Ù„Ù‡ Ø¨Ø±Ù†Ø§Ù…Ø¬Ùˆ ÙŠÙ†Ø¬Ø­,pos
Chalkou wlh 7ata houwa maset aka ras lebsal,pos
Ù…Ù†ÙˆØ±ÙŠØ§Ù„Ø·ÙÙŠ,pos
Bravooo oilh ğŸ˜ğŸ˜ğŸ˜ğŸ˜,pos
TrÃ¨s haut niveau ! ArrÃªtez les dÃ©gÃ¢ts,pos
M3alm,pos
top barnemj 5ir min nawfel b alllllf marra,pos
ğŸ˜‚ ğŸ˜‚ ğŸ˜‚ ğŸ˜‚ mala ka3ba,pos
HystÃ©rique,pos
Ù„Ø·ÙÙŠ ÙŠØ§ Ù…Ø¹Ø°Ø¨Ù‡Ù…,pos
ØºÙŠØ± Ø¹Ø§Ø¯ÙŠ Ø§Ù„Ø¹Ø¨Ø¯Ù„ÙŠ Ù‡Ù‡Ù‡Ù‡Ù‡Ù‡,pos
Ø±Ø¨ÙŠ Ù…Ø¹Ø§Ù‡ ÙˆØ§Ù† Ø´Ø§Ø¡ Ø§Ù„Ù„Ù‡ Ù…Ù† Ø­Ø³Ù† Ù„Ø§Ø­Ø³Ù† Ø¨Ø±Ø§ÙÙˆ Ø¹Ù„ÙŠÙ‡ Ø§Ø¹Ø¬Ø¨Ù†Ù‰,pos
C bien ton stile de travail et de critiquÃ© les merdes des mÃ©dias de la tunusie,pos
Bravooo lofiii,pos
Ø£Ø®Ø¯Ù… Ø¹Ù„Ù‰ Ø±ÙˆØ­Ùƒ Ø®ÙˆÙŠØ§ Ù„Ø·ÙÙŠ Ù†Ø­Ù† Ø´Ø¹Ø¨ Ø¨Ù‚Ø§Ù„Ù†Ø§ ÙƒØ§Ù† Ø§Ù„ØªÙ†Ø¨ÙŠØ±,pos
Bravo lotfi abdeli,pos
bravo...wahdik lotfi malihim ken wahid kifik,pos
Ø±Ø¨ÙŠ Ø£Ø¨Ø¹ÙŠÙ†Ùƒ Ù…Ø¹Ù„Ù…,pos
bravooooo chab3a dohke,pos
Bravo lotfi,pos
Ù…Ø¹Ù„Ù… ğŸ‘,pos
M3alem hhhhh,pos
BravoğŸ˜‚,pos
Ù„Ø·ÙÙŠ Ø§Ù„Ø¹Ø¨Ø¯Ù„ÙŠ Ù…Ø¹Ù„Ù…,pos
Bravo Lotfi inta m3alim Wil warteni Minik yit3alim,pos
Bravo lotfi,pos
Bravo walah a3melte jaw,pos
Bravo bonne courage ğŸ˜‰,pos
Ø¨Ø±Ø§ÙÙˆ,pos
Hahaha bravo,pos
Ø¨Ø±Ø§ÙÙˆ Ù…Ø³ÙƒÙŠÙ† Ù†ÙˆÙÙ„,pos
Ù…Ø¹Ù„Ù… Ù„Ø·ÙÙŠ Ø±Ø¨ÙŠ Ù…Ø¹Ø§Ùƒ,pos
M3alem ya lotfi w rabi y3in kol we7ed ye5dem 3la rou7ou,pos
Wa9teh yabda hadha,pos
bravo,pos
Presque 11 milles visionnage en direct sur YouTube bravooo,pos
ÙˆØ§ØµÙ„ Ù‡ÙƒØ© ÙŠØ§Ø®ÙŠ Ø§Ù„Ø¨Ø±Ù†Ø§Ù…Ø¬ Ù…ØªØ§Ø¹Ùƒ Ù…Ø§ÙŠÙ‡Ù…Ùƒ Ø­Ø¯ bravo,pos
Bravo lotfi,pos
Kessa7,pos
Ù…Ø¹Ù„Ù… Ù„Ø·ÙÙŠ,pos
Bravo 5ouya lotfi,pos
wahdek ğŸ˜‚ğŸ˜‚ğŸ˜‚ğŸ˜‚ğŸ˜‚,pos
Ø®Ø®Ø®Ø®Ø®Ø®Ø®Ø®Ø®Ø®Ø® Ù…Ø¹Ù„Ù… ğŸ˜‚,pos
Skoulyou Aribi mission ***** hhhhhhhhhh,pos
Ù‡Ù‡Ù‡Ù‡Ù‡Ù‡Ù‡ Ø§ÙŠØ¶Ø­Ùƒ,pos
Ù‡Ù‡Ù‡Ù‹,pos
Ø±Ø¨ÙŠ Ù…Ø¹Ø§Ùƒ Ù„Ø·ÙÙŠ ÙˆØ§ØµÙ„,pos
bravooooooooooooo lotfi,pos
Rabi m3ah behya l'Ã©mission bonne  continuation lotfi abdeli,pos
top,pos
Ù…Ø¹Ù„Ù…,pos
Ù…Ø¹Ù„Ù… ğŸ˜ƒğŸ˜ƒğŸ˜ƒğŸ˜ƒğŸ˜ƒğŸ˜ƒğŸ˜ƒ,pos
Hhhhh,pos
Ø¹Ø¨ÙˆØ¯Ø© ÙŠØ§ Ù…Ø¹Ù„Ù…,pos
Bravo bravo bravo,pos
Ù‡Ù‡Ù‡Ù‡Ù‡Ù‡Ù‡Ù‡ Ø¹Ø¨Ø¯Ù„ÙŠ Ù‡Ù‡Ù‡Ù‡Ù‡Ù‡,pos
lotfi yi3jibni saraha 9lil oujoudou,pos
Ø±Ø¨ÙŠ Ù…Ø¹Ø§Ùƒ ÙŠØ§ Ù„Ø·ÙÙŠ Ø´Ù…ØªØ§ ÙÙŠ Ù‚Ù†Ø§Ø© Ø§Ù„Ø¯Ø¹Ø§Ø±Ø©,pos
Borjoulia patron . Bonne chance Kirk minhom IL  kol.,pos
bravo continuer comme sa mieux que les autres,pos
Rajel,pos
Bravo lotfi,pos
Bravooo 3ebdeli,pos
Brav0,pos
Bravo bonne contuniation,pos
Ya wildi rabbi m3ak,pos
Mahlek lotfi.,pos
M3ALEM YA Lotfi,pos
Hhhhhhhhhhh,pos
Hhhhhhhhh,pos
Ù‡Ù‡Ù‡Ù‡Ù‡Ù‡Ù‡Ù‡Ù‡Ù‡Ù‡Ù‡Ù‡Ù‡,pos
Bravo continue comme Ã§a ğŸ˜˜,pos
Ø³Ø¤Ø§Ù„ Ø®Ø·ÙŠØ±,pos
ÙŠØ§ Ù…Ø§Ù…Ø§ ÙŠØ§ Ù…Ø§Ù…Ø§ ÙˆÙŠÙ† Ù†Ø­Ø·Ù‡Ø§,pos
Ù„Ø·ÙÙŠ Ø§Ù„Ø¹Ø¨Ø¯Ù„ÙŠ ğŸ˜‰,pos
Ø¨Ø­Ø°Ø§ Ù„Ù…Ø¹Ù„Ù…,pos
Ù…Ø¹Ù„Ù… ØµØ§Ø­Ø¨ÙŠ,pos
Ù‡Ø°ÙŠ Ø¸Ø±ÙˆÙ Ø§Ù„Ù…Ø¨Ø§Ø´Ø±,pos
Ù…Ù…Ø«Ù„ ***,pos
Ya mama ya mama,pos
Ø¹Ù†Ø¯Ùˆ Ø§Ù„Ø­Ù‚ Ø¹Ø¨Ø¯Ø§Ù„Ø±Ø²Ø§Ù‚ Ø§Ù„Ø´Ø§Ø¨ÙŠ ÙƒÙŠ Ù‚Ø§Ù„ ÙÙ…Ø§ ÙØ±Ù‚ Ø¨ÙŠÙ† Ø¨Ø±Ù†Ø§Ù…Ø¬Ùˆ ÙˆØ¨Ø±Ù†Ø§Ù…Ø¬ Ø¹Ù†Ø¯ÙŠ Ù…Ø§ Ù†Ù‚Ù„Ùƒ Ø®Ø§Ø·Ø± Ø¹Ù†Ø¯ÙŠ Ù…Ø§ Ù†Ù‚Ù„Ùƒ Ù…ÙˆØ§Ø¶ÙŠØ¹Ùˆ Ø§ÙƒØ«Ø± Ø¬Ø±Ø£Ø© Ø¨Ø§Ø´ Ù…Ø§ Ù†Ù‚ÙˆÙ„Ø´ Ø§ÙƒØ«Ø± ÙØ¶Ø§ÙŠØ­ ÙˆØ®Ù†Ø§Ø± Ø§Ù…Ø§ Ø§Ù„Ù…Ø³Ø§Ù…Ø­ ÙƒØ±ÙŠÙ… ÙÙŠÙ‡ Ø­ÙƒØ§ÙŠØ§Øª Ù…ØªØ§Ø¹ Ù†Ø³Ø§ ÙƒØ¨Ø§Ø± ÙˆØ¹Ø§ÙŠÙ„Ø§Øª Ù…Ø­ØªØ§Ø¬Ø© ÙˆÙ‚Ø¶Ø§ÙŠØ§ ØªØ³Ø®Ù ÙˆØªØ³ØªØ­Ù‚ Ù…Ø³Ø§Ø¹Ø¯Ø©  ÙˆØ¨Ø±Ù†Ø§Ù…Ø¬ Ù…Ø­ØªØ±Ù… Ø§ÙƒØ«Ø± Ø´ÙƒÙˆÙ† Ù…ÙˆØ§ÙÙ‚Ù†ÙŠØŸ <br />ÙˆØ¨Ø§Ù„Ù†Ø³Ø¨Ø© Ù„Ù„Ø¨Ø±Ù†Ø§Ù…Ø¬ Ù‡Ø°Ø§ Ø±ÙˆØ¹Ø© Ù„Ø·ÙÙŠ Ø¨Ø±Ø§ÙÙˆ Ø¨Ø±Ø§ÙÙˆ Ù†Ø­Ø¨ÙˆÙƒ Ø¨Ø±Ø´Ø§ Ø¶Ø§Ù…Ø± Ø¨Ø±Ø´Ø§ ÙˆØªØ¹Ù…Ù„ Ø¬Ùˆ ÙƒÙŠ Ø§Ù„Ø¹Ø§Ø¯Ø© ğŸ˜˜ğŸ˜˜ğŸ˜˜,pos
Ø¶Ø§Ù…Ø± ÙŠØ§ Ù„Ø·ÙÙŠ Ù‡Ù‡Ù‡Ù‡ Ù‚Ø§Ù„Ùˆ Ù†ÙˆÙÙ„ Ù‚Ø§Ù„Ùˆ Ø¯Ø§Ù„ÙŠ ÙˆØ­Ø¯Ùƒ,pos
m3alem sa7bi keep up,pos
Bravo,pos
Bravo 3ebdeli mais je crois e dÃ©core cva pas yesser a4lem hethi lmochekla fil barnemej c tt bravo et bon continuation 3ebdeli,pos
Bravo continue comme Ã§a ğŸ˜˜,pos
Ø³Ø¤Ø§Ù„ Ø®Ø·ÙŠØ±,pos
ÙŠØ§ Ù…Ø§Ù…Ø§ ÙŠØ§ Ù…Ø§Ù…Ø§ ÙˆÙŠÙ† Ù†Ø­Ø·Ù‡Ø§,pos
Ù„Ø·ÙÙŠ Ø§Ù„Ø¹Ø¨Ø¯Ù„ÙŠ ğŸ˜‰,pos
Ø¨Ø­Ø°Ø§ Ù„Ù…Ø¹Ù„Ù…,pos
Ù…Ø¹Ù„Ù… ØµØ§Ø­Ø¨ÙŠ,pos
Ù‡Ø°ÙŠ Ø¸Ø±ÙˆÙ Ø§Ù„Ù…Ø¨Ø§Ø´Ø±,pos
Ù…Ù…Ø«Ù„ ****,pos
Ya mama ya mama,pos
Ø¹Ù†Ø¯Ùˆ Ø§Ù„Ø­Ù‚ Ø¹Ø¨Ø¯Ø§Ù„Ø±Ø²Ø§Ù‚ Ø§Ù„Ø´Ø§Ø¨ÙŠ ÙƒÙŠ Ù‚Ø§Ù„ ÙÙ…Ø§ ÙØ±Ù‚ Ø¨ÙŠÙ† Ø¨Ø±Ù†Ø§Ù…Ø¬Ùˆ ÙˆØ¨Ø±Ù†Ø§Ù…Ø¬ Ø¹Ù†Ø¯ÙŠ Ù…Ø§ Ù†Ù‚Ù„Ùƒ Ø®Ø§Ø·Ø± Ø¹Ù†Ø¯ÙŠ Ù…Ø§ Ù†Ù‚Ù„Ùƒ Ù…ÙˆØ§Ø¶ÙŠØ¹Ùˆ Ø§ÙƒØ«Ø± Ø¬Ø±Ø£Ø© Ø¨Ø§Ø´ Ù…Ø§ Ù†Ù‚ÙˆÙ„Ø´ Ø§ÙƒØ«Ø± ÙØ¶Ø§ÙŠØ­ ÙˆØ®Ù†Ø§Ø± Ø§Ù…Ø§ Ø§Ù„Ù…Ø³Ø§Ù…Ø­ ÙƒØ±ÙŠÙ… ÙÙŠÙ‡ Ø­ÙƒØ§ÙŠØ§Øª Ù…ØªØ§Ø¹ Ù†Ø³Ø§ ÙƒØ¨Ø§Ø± ÙˆØ¹Ø§ÙŠÙ„Ø§Øª Ù…Ø­ØªØ§Ø¬Ø© ÙˆÙ‚Ø¶Ø§ÙŠØ§ ØªØ³Ø®Ù ÙˆØªØ³ØªØ­Ù‚ Ù…Ø³Ø§Ø¹Ø¯Ø©  ÙˆØ¨Ø±Ù†Ø§Ù…Ø¬ Ù…Ø­ØªØ±Ù… Ø§ÙƒØ«Ø± Ø´ÙƒÙˆÙ† Ù…ÙˆØ§ÙÙ‚Ù†ÙŠØŸ <br />ÙˆØ¨Ø§Ù„Ù†Ø³Ø¨Ø© Ù„Ù„Ø¨Ø±Ù†Ø§Ù…Ø¬ Ù‡Ø°Ø§ Ø±ÙˆØ¹Ø© Ù„Ø·ÙÙŠ Ø¨Ø±Ø§ÙÙˆ Ø¨Ø±Ø§ÙÙˆ Ù†Ø­Ø¨ÙˆÙƒ Ø¨Ø±Ø´Ø§ Ø¶Ø§Ù…Ø± Ø¨Ø±Ø´Ø§ ÙˆØªØ¹Ù…Ù„ Ø¬Ùˆ ÙƒÙŠ Ø§Ù„Ø¹Ø§Ø¯Ø© ğŸ˜˜ğŸ˜˜ğŸ˜˜,pos
Ø¶Ø§Ù…Ø± ÙŠØ§ Ù„Ø·ÙÙŠ Ù‡Ù‡Ù‡Ù‡ Ù‚Ø§Ù„Ùˆ Ù†ÙˆÙÙ„ Ù‚Ø§Ù„Ùˆ Ø¯Ø§Ù„ÙŠ ÙˆØ­Ø¯Ùƒ,pos
m3alem sa7bi keep up,pos
Bravo,pos
Bravo 3ebdeli mais je crois e dÃ©core cva pas yesser a4lem hethi lmochekla fil barnemej c tt bravo et bon continuation 3ebdeli,pos
ÙƒÙ„Ø§Ù… Ø¬Ù…Ø§Ù„ Ø§Ù„Ù…Ø¯Ø§Ù†ÙŠ ØµØ­ÙŠØ­ Ùˆ Ø§ÙƒØ«Ø± Ø¹Ù„Ù…ÙŠØ© Ùˆ Ø§ØªØ³Ø§Ù‚ Ù…Ø¹ Ø§Ù„Ù†Ø³ÙˆÙŠØ©,pos
ÙˆØ§Ù„Ù„Ù‡ Ø®ÙŠØ± Ù…Ù† Ø§ÙƒØ§ Ø§Ù„Ù…Ø§Ø³Ø· Ø§Ù„ØªØ§ÙÙ‡ Ù†ÙˆÙÙ„ Ø§Ù„ÙˆØ±ØªØ§Ù†ÙŠ ..Ø§Ù„Ù„ÙŠ ÙŠÙ‚Ø±Ø§ ÙÙŠ ÙƒÙ„ Ø´Ø¦ Ù…Ø§Ù„ÙˆØ±Ù‚Ø© Ù…Ø¹Ù†Ø¯Ùˆ Ø­ØªÙŠ Ø¹Ù„Ø§Ù‚Ø© Ø¨Ø§Ù„ØªÙ†Ø´ÙŠØ· Ùˆ Ø§Ù„Ø§Ø¹Ù„Ø§Ù… ..Ø¹Ù„ÙŠ Ø§Ù„Ø§Ù‚Ù„ Ù„Ø·ÙÙŠ Ø¹Ù†Ø¯Ùˆ Ø³Ù„Ø§Ø³Ø© ÙÙŠ Ø§Ù„Ø­ÙˆØ§Ø±,pos
b1 dit jamel &lt;3,pos
Ø¨Ø±Ù†Ø§Ù…Ø¬ Ø±Ø§ÙŠØ¹ Ù„Ø·ÙÙŠ,pos
Tafahtouh jamel wklemou shih wlh rajel mettha9efz,pos
bravooo lotfii,pos
**** ğŸ˜˜ğŸ˜˜Ù‡Ù‡Ù‡Ù‡Ù‡<br />ØµØ­Ø© Ù„Ø·ÙÙŠ !,pos
Ø§Ù„Ù…Ù…Ø«Ù„ Ø§Ù„Ø¶ÙŠÙ Ø§Ù„ÙŠ Ù…Ø§ Ù†Ø¹Ø±ÙØ´ Ø§Ø³Ù…Ù‡ .. Ø§Ù„Ø·ÙˆÙŠÙ„ØŒ Ù†Ø·Ù‚ Ø¨Ø§Ù„Ù…Ù†Ø·Ù‚ Ø§Ù„Ø¢Ù„Ø© Ùˆ Ø¹ØµØ± Ø§Ù„Ù…ÙƒÙ†Ù†Ø© Ù‡Ùˆ Ù…Ù† Ø­Ø±Ø± Ø§Ù„Ù…Ø±Ø£Ø© Ø§ÙƒØ«Ø± Ù…Ù† Ø¨Ùˆ Ø±Ú¯ÙŠØ¨Ø© Ø§Ùˆ ØºÙŠØ±Ù‡,pos
ma7lÃ©hom zaa7 nmout 3lihom &lt;3 lmoumathlin hÃ©thouma wallahi twa7chthom 3ale5er,pos
jamal wlh klemek s7i7,pos
"Ya3tikom sa77a. Jaw mizyan. Ama ynajem ykoun 5ir. Deja ya3jebni barsha barnamej jimmy fallon bahi elli t3amlet version tounsya. Ama la7etht lotfi mazelt mit3awed 3la korsi les invites de telle faÃ§on tes2el w tjaweb lol bn moch hekaka ama thyof ma7koush barsha. W bnesba ljamel klama ma39oul mayest7a9esh radet lfi3l mta3kom, 7asb klamek mafamash tatyi7 9dar lthoyof !!!! N7abo nchofoh chay hatha. Appart Ã§a bravo.",pos
zala9halo 9alo nawfal lwartani.,pos
Ø¥Ù†Øª ØªÙˆÙ†Ø³ÙŠ Ùˆ ØªÙˆÙ†Ø³ ØªØªØ´Ø±Ù Ø¨ÙŠÙƒ Ø®ÙˆÙŠØ§,pos
Ø¨Ø±Ø¬ÙˆÙ„ÙŠØ© Ù†Ø¸Ù… Ø´ÙˆÙŠØ© Ù„Ø­ÙŠØªÙƒ Ùˆ ØªØ¨Ø§Ø±ÙƒØ§Ù„Ù„Ù‡ Ø¹Ù„ÙŠÙƒ Ø§Ù„Ù„Ø­ÙŠØ© Ø§Ù„Ø·ÙˆÙŠÙ„Ø© ØµØ§Ø±Øª Ù„Ù…ÙˆØ¸Ø© Ø¹Ø§Ø¯ÙŠ Ø®Ù„ÙŠÙ‡Ø§ Ø·ÙˆÙŠÙ„Ø© Ùˆ Ø±ØªØ¨Ù‡Ø§,pos
7al9a 3alamiya ya lotfi wassel w inchalah rabbi iwaf9ek,pos
ya lotfi rana 3a9din fik alnouwar me t5ayebnach kan me tanja7ch ente mochkla berasmi plz anja7 w koun professional,pos
mala ka3ba allah a7ad 3lik sme7,pos
hethoume mejebouhomich fi  7atte tele 5ater 3amlin le7ye<br /> kol techjji3 lik ye lotfi bravo bravo bravo,pos
BRAVOOO   Ø­Ø³Ø§Ù…...ÙˆØ¹ØµØ§Ù…..,pos
Ø´ÙŠ ÙŠÙ‚Ø¯Ù‘ÙˆÙ‡ Ø§Ù„Ø¨ÙƒØ§Ø¡ Ø¬Ù…Ø§Ø¹Ø© Ø§Ù„Ù„Ø­ÙŠ,pos
Big like li chanteuse fi l&#39;emission ğŸ˜ğŸ˜ğŸ˜ chesmha ??,pos
Ø±ÙˆØ¹Ø© Ø¨ØµØ±Ø§Ø­Ø©.....,pos
a7laa 3ebdelii wa7laa chowwtime rabi iwaf9ek ğŸ‘,pos
Lotfi lm3alm,pos
Ø¨Ø±Ø³Ù…ÙŠ ÙƒÙŠ Ù†ØªÙØ±Ø¬ ÙÙŠÙƒ ØªÙØ±Ù‡Ø¯Ù†ÙŠ Ø¨Ø±Ø§ÙÙˆ ÙˆØ§ØµÙ„  Ù†Ø§Ø¬Ø­,pos
Ù…Ø¹Ù„Ù….. Ø¹Ù†Ø¯Ùˆ ÙÙŠ Ù…Ø®Ùˆ ..Ùˆ Ø±Ø¨ÙŠ ÙŠØ±Ø­Ù… Ù†ØµØ± Ø§Ù„Ø¯ÙŠÙ† Ø¨Ù† Ù…Ø®ØªØ§Ø±,pos
Lotfi â¤â¤,pos
Bonne continuation lotfi. Emissione parfaite tres simpatique..animation formidabile.. tres professionel barcha techwi9..w tchedd lmouchÃ¨hed..,pos
Ø¨ØªÙˆÙÙŠÙ‚ ÙŠØ§ Ù„Ø·ÙÙŠ ÙˆÙ„Ø¯ Ø§Ù„Ø®Ø¸Ø±Ø§Ø¡ğŸ‡¹ğŸ‡³,pos
Ya rabi kadech mahleeeeeeek &lt;3  Bravo!,pos
micro ***** xD,pos
lotfiiiiiiiiiii m3aleeeeeeeeeeeeeem,pos
bravo <br />great TV programme <br />big respect from great Britain,pos
juste baddl hak lkorsi hhh 7agrouk bih,pos
Sout lebes aalih ken just houma fibelhom film w dhaw aadi style yji keka just yetshekew men hajet fergha khater omorhom la raw haja tdhahak w feha tfadlik 2017,pos
Yedek fi telecomond hhhhhhhhhh m3alem ya lotfi,pos
M3alm lotfi attla3 toul paris 93,pos
ÙˆØ§ØµÙ„ Ù…Ø¹Ù„Ù…,pos
Ø³Ø¨Ø­Ø§Ù† Ø§Ù„Ù„Ù‡ Ù‚Ø¯Ø§Ø´ ÙŠØ®Ù„Ù‚ Ù…Ù† Ø§Ù„Ø´Ø¨Ù‡ Ø§Ø±Ø¨Ø¹ÙŠÙ†..Ø³ÙŠ Ø¹Ø¨Ø¯ Ø§Ù„Ø¹Ø²ÙŠØ² Ø¨Ù„Ø®ÙˆØ¬Ø© Ù„Ù„ÙˆÙ‡Ù„Ø© Ø§Ù„Ø§ÙˆÙ„Ù‰ Ø®Ù„ØªÙ‡ Ø§Ù„Ù…Ù…Ø«Ù„ Ø§Ù„Ù…ØµØ±ÙŠ Ø§Ù„ÙƒØ¨ÙŠØ± Ù…Ø­Ù…ÙˆØ¯ Ø­Ù…ÙŠØ¯Ø© :D,pos
Un conseil:tu tenfous des comentaires critiques negatifs..welli ysebbou ...metehtemmelhomch..bech mey7essouche rwe7hom importants..bravo lotfi.foooooonce,pos
Ù‡Ù‡Ù‡Ù‡Ù‡Ù‡Ù‡Ù‡Ù‡ Ø§Ù„ÙƒØ¨ÙŠØ± ÙƒØ¨ÙŠØ± Ùˆ Ø§Ù„Ù„Ù‡ Ù„Ø·ÙÙŠ Ù…Ø¹Ù„Ù… ØµØ§Ø­Ø¨ÙŠ Ù‡Ù‡Ù‡Ù‡Ù‡Ù‡Ù‡ Ùˆ ÙŠØ¯Ùƒ ÙÙŠ Ø§Ù„ÙƒÙˆÙ…Ù†Ø¯,pos
comment_text,pos
Ø­Ù„ÙˆØ© Ø¨Ø±Ø´ ØªØ­ÙŠØ© Ù…Ù† Ø¬Ø²Ø§Ø¦Ø±ï»¿,pos
Ù†Ø­Ø¨ Ù…Ù†Ø§Ù„ Ø¹Ù…Ø§Ø±Ø© ÙˆØ§Ù„ØªÙˆØ§Ù†Ø³Ø© ÙƒÙ„ Ø§Ù†Ø§ Ø¬Ø²Ø§Ø¦Ø±ÙŠï»¿,pos
Jdr ces chansons sont gaie J adore c'est la deuxiÃ¨me chanson de Label que je dÃ©couvre et â™¡ ,pos
Bisous aux Tunisiens du DZ ğŸ™‹â€â™€ï¸ï»¿,pos
Ù…Ø­Ù„Ø§Ù‡ ØºÙ†Ø§Ùƒ ÙŠØ§ Ù…Ù†Ø§Ù„ Ø§Ù„Ù†Ø§Ø³ Ø§Ù„ÙƒÙ„ ØªØ­Ø¨Ùƒ    Ùˆ Ø§Ù†Ø§ Ø­Ø·ÙŠØª Ø¬Ø§Ù…ï»¿,pos
ÙŠØ§ Ù…Ù†Ùˆ Ù†Ø­Ø¨Ùƒ Ø¨Ø±Ø´Ù‰ Ø¥Ù†ØªÙŠ Ùˆ Ø´Ù„ØºÙˆÙ…ï»¿,pos
ØªØ­ÙŠØ§ØŒÙ…Ù†ÙˆÙ„Ø©ØŒ ,pos
Ù†Ù…ÙˆØª Ø¹Ù„ÙŠÙƒ Ù…Ù†Ø§Ù„ï»¿,pos
ØªØ­ÙŠØ§Øª Ù…Ù† Ø§Ù„Ø¬Ø²Ø§Ø¦Ø± Ù†Ø­Ø¨Ùƒ Ø§Ù…ÙˆÙ†Ø© Ùˆ Ù†Ù…ÙˆØª Ø¹Ù„ÙŠÙƒ ğŸ’–ğŸ’–ğŸ’–ğŸ’–ğŸ’–ğŸ’–ğŸ˜˜ğŸ˜˜ğŸ˜˜ğŸ˜˜ï»¿,pos
Toopï»¿,pos
Bravo bon continuationï»¿,pos
WaaaaaaaaaaaaaaaaaaaaaaawğŸ˜ï»¿,pos
ØºÙ†Ø§ÙŠØ© Ø¨Ø§Ù‡ÙŠØ©ï»¿,pos
Ø´Ø­Ø§Ù„ ÙŠØ¹Ø¬Ø¨Ù†ÙŠ Ù‡Ø°Ø§ Ø§Ù„Ù†ÙˆØ¹ ØªØ§Ø¹ Ø§Ù„ØºÙ†Ø§Ø¡ ÙÙŠÙ‡ ÙØ±Ø­Ø© Ùˆ Ø¨Ù‡Ø¬Ø© ØªØ­ÙŠØ© Ù…Ù† Ø§Ù„Ø¬Ø²Ø§Ø¦Ø± Ù„Ø®Ø§ÙˆØªÙ†Ø§ Ø§Ù„ØªÙˆØ§Ù†Ø³Ø©ï»¿,pos
ØªÙ‡Ø¨Ù„ï»¿,pos
Love you ğŸ˜ğŸ˜ğŸ˜˜ï»¿,pos
Ø¹Ù…Ù„Øª Ø¹Ù„Ø§Ù‡Ø§ Ø¬Ùˆ .. ÙŠØ¹Ø·ÙŠÙƒ Ø§Ù„ØµØ­Ø© Ù…Ù†ÙˆÙˆÙˆÙ„Ø©ï»¿,pos
j'adore cet clipï»¿,pos
Ø±ÙˆØ¹Ø© Ø±ÙˆØ¹Ø© Ù…Ù†ÙˆÙ„Ø© Ø§Ù„Ø¹Ø§Ù„Ù…ÙŠØ© Ø§Ù†Ø´Ø§Ø¡ Ø§Ù„Ù„Ù‡ ÙƒÙ„ÙŠØ¨ ÙˆØµÙˆØª ÙÙŠ Ø§Ù„Ù‚Ù…Ø© Ø³Ù„Ø§Ù…ÙŠ  Ù…Ù† Ø§Ù„Ø¬Ø²Ø§Ø¦Ø±ï»¿,pos
I love you ğŸ’ŸğŸ’ğŸ’ğŸ’˜ğŸ’—ğŸ’–ğŸ’•ğŸ‘…ğŸ’‹ğŸ’“ğŸ’“ğŸ’œğŸ’šğŸ’›ğŸ˜ğŸ˜˜â¤ğŸ’™ï»¿,pos
Ø±ÙˆØ¹ Ø¬Ø¯Ø§ï»¿,pos
Ø§Ù†Ø§ Ø¬Ø²Ø§Ø¦Ø±ÙŠØ© Ùˆ ØªØ¹Ø¬Ø¨Ù†ÙŠ Ù…Ù†Ø§Ù„ Ø¹Ù…Ø§Ø±Ø© Ùˆ Ø¹Ø¬Ø¨ØªÙ†ÙŠ Ø§Ù„ØºÙ†Ø§ÙŠØ© Ø±ÙˆÙˆÙˆØ¹Ø© Ø¨Ø±Ø§ÙÙˆ Ù…Ù†Ø§Ù„ Ùˆ ØªØ­ÙŠØ© ÙƒØ¨ÙŠÙŠÙŠÙŠÙŠÙŠÙŠÙŠØ±Ø© Ù„Ù„ØªÙˆØ§Ù†Ø³Ø© ÙƒÙ„ğŸ˜˜ğŸ˜˜ğŸ˜˜ï»¿,pos
ØªØ­ÙØ© ,pos
Ma7lek manelï»¿,pos
MAanoulaa Nehbkk ğŸ˜šğŸ˜šğŸ˜šğŸ˜ğŸ˜ğŸ˜—ğŸ˜—ğŸ’–ğŸ’–ğŸ’“ğŸ’“ğŸ’•ğŸ˜˜ğŸ’™ğŸ’šğŸ’œğŸ’˜ğŸ’ğŸ˜‚ğŸ˜‚ğŸ’‹ğŸ’‹ğŸ’‹ï»¿,pos
Vraiment bravo manola c est une belle chansonğŸ˜˜ğŸ˜˜ğŸ˜˜ğŸ˜˜ğŸ˜˜ğŸ˜˜ğŸ˜˜ğŸ˜˜ğŸ˜˜ğŸ˜˜ğŸ˜˜ğŸ˜˜ğŸ˜˜ï»¿,pos
Ø±ÙˆÙˆÙˆÙˆÙˆÙˆÙˆÙˆÙˆØ¹Ø©ğŸ˜ğŸ˜ğŸ˜ğŸ˜ğŸ˜ğŸ˜ï»¿,pos
raw3aaaaaï»¿,pos
ay ay ay malla manoulaï»¿,pos
Love manaleğŸ˜ğŸ˜ğŸ˜ğŸ˜ğŸ˜ï»¿,pos
marhaba bel ellamayraï»¿,pos
msalli annebi ala elamayraï»¿,pos
dhakertna besougher ya3tek douda chkoun mal3abeche chekli chekla hhhhhï»¿,pos
je t aime beaucoupï»¿,pos
Mala manoula hhhhhhğŸ™‡ğŸ˜˜ğŸ˜˜ğŸ˜˜ğŸ˜˜ğŸ˜˜ğŸ˜˜ğŸ˜˜ğŸ˜˜ğŸ˜˜ğŸ˜˜ğŸ˜˜ğŸ˜½ğŸ˜½ğŸ˜½ğŸ˜½ğŸ˜½ğŸ˜»ğŸ˜»ğŸ˜»ğŸ˜»ï»¿,pos
TrÃ¨s belle chanson Manal Amara d'AlgÃ©rie Je t'aime et j'admire Beck bezaffğŸ˜›ğŸ’‹ğŸ’‹ğŸ’—ğŸ’—ğŸ’—ğŸ’ªğŸ’ªğŸ’ªğŸ’•ğŸ’•ï»¿,pos
Ù…Ø­Ù„Ø§Ùƒ ÙŠØ§ Ù…Ù†Ø§Ù„ ÙˆØ§ØµÙ„ÙŠ Ø§Ø­Ø­Ø­Ø­Ø­Ø­Ø³Ø³Ø³Ø³Ø³Ø³Ø³Ø³Ø³Ø³Ø³Ø³Ø³Ø³Ø³Ø³Ø³Ø³Ø³Ø³Ø³Ø³Ø³Ø³Ø³Ø³Ø³Ø³Ø³Ø³Ø³Ø³Ø³Ø³Ø³Ø³Ø³Ø³Ø³Ø³Ù†Øªï»¿,pos
ğŸ˜˜ğŸ˜˜ğŸ˜ğŸ˜ğŸ˜ğŸ˜˜ğŸ˜˜ğŸ˜— n7ebek Barcha nannoultiï»¿,pos
ellhoutt ala  elamayra zidou ala eliin zidouï»¿,pos
msalli annebi ala manoula ye tahfounaï»¿,pos
Ù…Ø­Ù„Ø§Ù‡Ø§ï»¿,pos
bravo. ya. 3sla. m7lek. inti. 1. chekli. cheklağŸ’‹ğŸ’‹ğŸ’‹ï»¿,pos
m3almaï»¿,pos
I love youï»¿,pos
Ilove you manoulaï»¿,pos
bravvvvvağŸ˜ğŸ˜ğŸ˜ğŸ˜ï»¿,pos
chekli chokla lalalalaï»¿,pos
ÙŠØ§ Ø§Ù„Ù„Ù‡  Ù‡Ù‡Ù‡Ù‡Ù‡Ù‡Ù‡Ù‡Ù‡Ù‡ğŸ˜…ğŸ˜…ğŸ˜…ğŸ˜„ğŸ˜„ğŸ˜„ğŸ˜„ï»¿,pos
Ù†ÙØ±Ø­ ÙƒÙŠ Ù†Ø±Ø§Ùƒ .....,pos
Wo zeda enmot 3alikï»¿,pos
ØªØ­ÙŠØ© Ø¬Ø²Ø§Ø¦Ø±ÙŠØ© Ø¥Ù„Ù‰ Ø£Ø´Ù‚Ø§Ø¦Ù†Ø§ ØªÙˆØ§Ù†Ø³Ø© ğŸ˜ğŸ˜ï»¿,pos
ØªÙ‡Ø¨Ù„ï»¿,pos
ØªØ­ÙŠØ© Ù„ØªÙˆØ§Ù†Ø³Ø§  Ø­Ø¨Ø§Ø¨Ù†Ø§ Ø¯ÙŠÙ…Ø§ Ù‡Ù…Ø§ ÙŠØ­Ø¨ÙˆÙ†Ø§ ÙˆØ­Ù†Ø§ Ø§ÙƒØ«Ø± Ù†Ù…ÙˆØª Ø¹Ù„Ù‰ Ù„Ù‡Ø¬ØªÙ‡Ù… Ù…Ø«Ù„Ø§ Ù…Ø²ÙŠØ§Ù† Ùˆ ÙˆÙŠØ¬Ø§  Ø¨Ø±Ø´Ø§ ØªÙ‡Ø¨Ù„ Ø¬Ø²Ø§Ø¦Ø±ÙŠØ© ÙˆØ§ÙØªØ®Ø±ï»¿,pos
Ù…Ù„Ø§ Ù…Ù†Ø§Ù„ ØªÙØªÙ‚ Ø¨Ø²Ø¨Ù†ï»¿,pos
manel n7ebk ma7lek 3asoulaï»¿,pos
Ø£ØºÙ†ÙŠØ© Ø±Ø§Ø¦Ø¹Ø© ÙˆÙƒÙ„Ù…Ø§Øª Ø®ÙÙŠÙØ© ÙˆØ§Ù†Ø§ ÙƒØ¬Ø²Ø§Ø¦Ø±ÙŠ Ø§Ø³ØªÙ…ØªØ¹ Ø¨Ø§Ù„Ø§ØºÙ†ÙŠØ© ÙˆÙ†Ø³Ù…Ø¹Ù‡Ø§ ÙƒÙ„ Ø³Ø§Ø¹Ø© Ø§Ù„ØµØ±Ø§Ø­Ø© ØªØ¹Ù…Ù„ Ø¬Ùˆ Ø§Ù…Ø§ Ø§Ù„ÙÙ†Ø§Ù†Ø© ÙÙ‡ÙŠ ØºØ§ÙŠØ© ÙÙŠ Ø§Ù„Ø¬Ù…Ø§Ù„ ÙˆØªØ´Ø¨Ù‡ Ø§Ù„ÙÙ†Ø§Ù†Ø© Ù„ÙŠØ§Ù„ Ø¹Ø¨ÙˆØ¯ï»¿,pos
Ù†Ù…ÙˆØª Ø¹Ù„ÙŠÙƒ ÙŠØ§ Ù…Ù†Ø§Ù„  Ø§Ù„Ù Ø¨ÙˆØ³Ø©  Ù…Ù† Ø¹Ù†Ø¯ÙŠ ÙŠØ§ Ø¨Ù†Øª Ø§Ù„Ø­Ù„Ø§Ù„ Ø¨Ø§ÙŠ ÙÙˆÙÙˆ Ù…Ù† Ø§Ù„Ø¬Ø²Ø§Ø¦Ø±ï»¿,pos
ØªØ­ÙŠØ§ØªÙŠ Ù…Ù†ÙˆÙ„Ø©ï»¿,pos
Ø­Ù„ÙˆØ©ï»¿,pos
J'adoreï»¿,pos
Bravo manoula Wallahï»¿,pos
Ena j'aiiime 3alkhrrrrrr ghnya mezyenaa funnyï»¿,pos
j'adore manal wawou tu beau cul  huuumï»¿,pos
ta7ya kbir likoum lkoul w 5asatan manel amaraï»¿,pos
btavoï»¿,pos
ses bien et coolï»¿,pos
n7ibik manolağŸ˜˜ğŸ˜˜ğŸ˜˜ğŸ˜˜ğŸ˜˜ğŸ˜˜ğŸ˜˜ğŸ˜˜ğŸ˜˜ğŸ˜»ğŸ˜»ğŸ˜»ğŸ˜»ğŸ˜»ï»¿,pos
nmout 3lik yamanel ya hilwaï»¿,pos
mahlak manel chou.mahrouma ya hilwaï»¿,pos
mahlak manel chou.mahrouma ya hilwaï»¿,pos
ÙŠØ§ Ø³Ø± Ù†Ø­Ø¨Ùƒ Ù…Ù†Ø§Ù„ Ø£Ù†Ø§ Ù„ÙŠÙ†Ø¯ï»¿,pos
Ø¨Ø¤ Ø²ÙŠÙ†Ùƒ Ù…Ø­Ù„Ø§Ø§Ø§Ø§Ø§Ùƒï»¿,pos
Jaw ahla Jawï»¿,pos
ØºÙ†ÙŠØª je t'aime Ø®ÙŠØ± Ù…Ù† Ù„Ø§Ø±Ø§ï»¿,pos
Manoula tfata9 ğŸ˜ğŸ˜ğŸ˜˜ğŸ˜˜â¤ï¸ï»¿,pos
Love you manel ğŸ˜ğŸ˜ğŸ˜³ğŸ˜˜ğŸ˜šğŸ˜™ğŸ˜—ğŸ˜»ğŸ˜½ï»¿,pos
Ù…Ù†Ø§Ù„ ØªÙ‡Ø¨Ù„ğŸ˜™ğŸ˜ğŸ˜ï»¿,pos
mon reve ntla9a beha ğŸ˜¢ï»¿,pos
Ù…Ù†Ø§Ù„ Ø§Ø¹Ù…Ø§Ø±Ø© Ø§Ø­Ù†Ø§ Ù…Ù† Ø§Ù„Ø¬Ø²Ø§Ø¦Ø± Ù†Ø¨ØºÙˆÙƒ Ø¨Ø±Ø´Ø§ï»¿,pos
Ù…Ù†Ø§Ù„ Ø§Ø¹Ù…Ø§Ø±Ø© Ø§Ø­Ù†Ø§ Ù…Ù† Ø§Ù„Ø¬Ø²Ø§Ø¦Ø± Ù†Ø¨ØºÙˆÙƒ Ø¨Ø±Ø´Ø§ï»¿,pos
wawwwwwï»¿,pos
manoula y'a mizyanaï»¿,pos
Ù‡Ù‡Ù‡Ù‡Ù‡Ù‡Ù‡Ù‡Ù‡Ù‡Ù‡Ù‡Ù‡Ù‡Ù‡Ù‡. ÙŠØ¶Ø­Ùƒ Ø¬Ø¯Ø§ Ø¬Ø¯Ø§ Ø¬Ø¯Ø§ï»¿,pos
manoula thbli ğŸ˜ğŸ˜˜ğŸ˜ğŸ˜˜ğŸ˜ nhbouk.ï»¿,pos
awel marra netfarj a3lih barnemj ou ma7lehï»¿,pos
ma7lekm wlhï»¿,pos
bravo el Kol le groupeï»¿,pos
manoula dima 7lwaï»¿,pos
dima mwahra manoula i love youğŸ˜ğŸ˜ğŸ˜ğŸ˜˜ğŸ˜˜ï»¿,pos
Ù…Ù†Ø§Ù„ ÙŠØ¹Ø·Ø§Ù‡Ø§ Ø²ÙŠÙ†ï»¿,pos
hyetyyy â™¥â™¥ï»¿,pos
bellehi yeli inabrou 3la manoula n7b n9lkom osloulha wmba3ed a7kiwï»¿,pos
belle Ù…Ù†Ø§Ù„ Ø²ÙŠÙ†Ø© Ø§Ù„Ø­Ù„Ù‚Ø©ï»¿,pos
toujours tooooop sirtou manel amara hhhhhh mewahï»¿,pos
formidableï»¿,pos
ØªÙ‡Ø¨Ù„ï»¿,pos
manel ya 8aliaï»¿,pos
mnola n7bkï»¿,pos
ÙˆØ§ÙˆÙˆÙˆÙˆÙˆÙˆÙˆÙˆ Ø¨ØªØ¬Ù†Ù†Ù†Ù†Ù†Ù†Ù†Ù†Ù†Ù†Ù†ï»¿,pos
Ù†Ø­Ø¨Ùƒ Ù†Ø­Ø¨Ùƒ Ù†Ø­Ø¨Ùƒ Ù…Ù†Ø§Ù„ Ø§Ù†Ø§ Ù…Ù† Ø§Ù„Ø¬Ø²Ø§Ø¦Ø± Ù†Ø­Ø¨Ùƒï»¿,pos
tooop Ms mannal super your fan from ğŸ‡©ğŸ‡¿ğŸ‡©ğŸ‡¿ğŸ‡©ğŸ‡¿ğŸ‡©ğŸ‡¿ğŸ‡©ğŸ‡¿ğŸ‡©ğŸ‡¿ğŸ‡©ğŸ‡¿ğŸ‡©ğŸ‡¿ï»¿,pos
ØªØ¯ÙŠ Ø§Ù„Ø¹Ù‚Ù„ï»¿,pos
ØµÙˆØª Ø§Ù„Ø§ÙŠÙ‚Ø§Ø¹ Ø§Ù‚ÙˆÙ‰ Ù…Ù† ØµÙˆØªÙƒ Ù…Ù†ÙˆÙ„Ø© ...Ø¨Ø±Ø§ÙÙˆ Ø¹Ù„Ù‰ Ø§Ù„Ø§Ø¬ØªÙ‡Ø§Ø¯ï»¿,pos
Ù…Ù†ÙˆÙ„Ø© Ø¯ÙŠÙ…Ø§ Ù…Ø­Ù„Ø§Ùƒ Ù†Ø­Ø¨Ùƒ ğŸ˜â¤ï»¿,pos
N7bek mnoulaï»¿,pos
sa7a manoulaï»¿,pos
sa7a manoulaï»¿,pos
Sa7a Manel w jaweb 3al Instagramï»¿,pos
ma7lekï»¿,pos
Good Mnwer ,pos
Ahla aroussa ,pos
Caha manoullla ,pos
ï»£ï»¨ï»®ï»Ÿïº”ï»£ïº’ï»¨ï»š ï»­ï»£ïº¤ï»¼ï»™ ,pos
hati bousa hhh ,pos
ma7lik manoula bzzzzzzzzzz ana n7bik w nmout 3likğŸ˜˜ğŸ˜ğŸ‘ ,pos
Comment va notre artiste. ? ,pos
ï»§ï»Œïº’ï»® ïº¯ï»³ï»¨ï»šğŸ˜˜ ,pos
ï»£ï»¨ï»®ï»Ÿïº” ï»£ïº¤ï»¼ ïº¯ï»³ï»¨ï»š ï»­ïºï»—ïº˜ïºïºµ ï»§ï»”ïº®ïº£ï»®ïº ïº‘ï»´ï»œï»š ïº§ïºï»¥ ï»§ïº˜ï»¬ï»¨ï»®ïº ï»‹ï» ï»´ï»š ,pos
Bouzenek ma7lek ,pos
ï»­ïº£ïºªï»™ ïº©ï»³ï»¤ïº” ï»£ï»®ï»«ïº®ïº“ ,pos
B1 ,pos
bazaf chaba machaa alah. barah konti top ,pos
Kol3am w enti bkhier hayatii ğŸ„ğŸğŸ’ğŸ˜šğŸ˜š ,pos
Bonne annee manoula ,pos
ï»§ïº¸ïºï»» ï»‹ïºï»£ï»š ï»£ïº’ïº®ï»­ï»™ ï»£ï»¨ï»®ï»» ,pos
Mhlak ,pos
rawoaaaaaa ,pos
In7bek barcha bon annÃ©es 2018 ,pos
ï»‹ïºï»¡ ïº³ï»Œï»´ïºª ï»£ï»¨ï»®ï»Ÿïº” ,pos
very nice ,pos
Bone annee bb ,pos
Hooooobbbbbbbbbyyyyyyyyyyyyyyyy nhhhhhbbbkkkk yeee ruuuhy alina w alikkkkk 2018 arani mizeyena kifekkkâ™¥â™¥â™¥â™¥â™¥â™¥â™¥â™¥ ,pos
Jaw kbir m3ak y1 manoula ,pos
Ma djinech makher #Manoula el RiviÃ©ra ğŸ˜‹ğŸ˜‹ğŸ˜‹ğŸ˜‹ ,pos
ï»£ïº¤ï»¼ï»™ ïº»ï»´ïºï»± ïº­ïº¯ïº­ï»“ï»´ïº– ,pos
Bon ,pos
mahlek ,pos
ï»‹ïº´ï»®ï»Ÿïº” ï»£ïº¤ï»¼ï»›ï»² ,pos
Waw   waw waw  thfouna ,pos
Mahlk manoula ithabl ,pos
ïº‡ï»§ïº ï»² ï»§ï»Œï»¤ï» ïº‘ï»´ï»š ïº©ï»­ïº­ïº ï»£ï»¨ï»®ï»Ÿï»ª ï»›ïºï»¥ ïº—ïº¤ïº’ï»² ,pos
Tft9 manolty ,pos
Ma7laki manola tabarak Allah 3lik ,pos
Nemout alik ye hasel ,pos
Manola 7abibity bmot fik ğŸ˜™ğŸ˜™ğŸ˜™ğŸ˜™ğŸ˜ğŸ˜ ,pos
Toooooooop\n....Manola...\nğŸ‘âœ” ,pos
Bisou Hobi belly dancer manel amara ï»£ïº’ï»¨ï»š ï»­ï»£ïº¤ï»¼ ï»›ïº®ïº·ï»š ïºƒï»£ïº ï»³ï»Œïº ïº’ï»¨ï»² ïºï»Ÿï»¤ï»„ïºïº­ ïºï»Ÿï» ï»² ï»“ï»² ïº·ïº’ïºï»™ ïºï»Ÿïº®ï»­ïº‘ïº” ïºï»Ÿïº’ï» ï»®ï»¥ ,pos
Ma7leek manel mnawra tjr ,pos
Femmes bil7a9 Mich tha3louba ,pos
Ya waza ,pos
ï»³ïºªï»­ï»¡ ïºï»Ÿï»ˆïº¤ï»œïº” ,pos
Wawwww jaw kbir m3ak ,pos
Merci 3ala essahria ,pos
Ma princesseğŸ˜ğŸ˜ğŸ˜ğŸ˜ğŸ˜ ,pos
I love you baby ,pos
ï»«ïºï»± ïº³ï»¼ï»¡ ïºïº·ï»¨ï»® ï»›ï»´ï»’ ï»‹ïºªïº ï»£ïº°ï»Ÿï»® ï»³ïº¸ïº˜ï»¤ï»® ï»«ï»š ïºï»Ÿïº’ï»ï»€ïº ïº—ïº’ï»¦ ï»Ÿï»¬ï»¢ ï»£ï»¨ïºï»Ÿïº” ïº‘ï»´ïº¨ï»´ïº® ïº­ï»ï»¤ï»¦ ï»‹ï»¨ï»œï»¢ .... ,pos
ï»»ïº‘ïºïº± ï»‹ï»¤ïº®ï»± ï»»ïº‘ïºïº± ,pos
Ta robe classe et chic ,pos
Je veux mariage avec toi ,pos
Hab  n3arss bik menoulti ,pos
ïº»ïº’ïºïº¡ ïºï»Ÿï»®ïº­ïº© ï»­ïºï»Ÿï»Œïº´ï» ï»³ïºïºïº£ï» ï»° ï»‹ïº®ï»­ïº³ï»ª ,pos
Sbe7 lfol ,pos
Trop belle ,pos
Nhbek barcha ,pos
Ah ,pos
Tu es si existante ,pos
Tu es si existante ,pos
Nice pic ,pos
Exitante ,pos
Assssssal manoula ,pos
Cuute manoula ğŸ˜™ğŸ˜˜ ,pos
ïºï»£ï»¨ï»´ïº˜ï»² ï»§ïº˜ïº°ï»­ïºŸï»š ï»£ï»¨ïºï» ï»«ïº¬ïº ï»£ï»œïºï»¥ ,pos
ThabliğŸ˜˜ğŸ˜˜ğŸ˜˜ğŸ˜˜ğŸ˜˜ ,pos
Magnifique ğŸ€ğŸŒ¹ğŸŒ»â¤ğŸ’˜ğŸ˜ ,pos
Mahlek ,pos
Bou zink ,pos
ï»­ï»‹ï»¨ïºª ï»›ï» ïº³ï»„ïº® ïº—ï»˜ïº®ïºƒï»³ï»¨ï»ª ïº—ïº®ï»›ï»Š ïº£ïº®ï»­ï»“ï»ª ïºïºŸï»¼ï»» ï» ïº£ïº®ï»›ïºïº• ïº·ï»”ïº˜ï»´ï»š ï»­ï»«ï»¤ïº´ïºïº• ïº»ï»®ïº—ï»š ......!!! ,pos
ï»£ïº¤ï»¼ï»™ ï»­ï»£ïº¤ï»¼ ïº¯ï»³ï»¨ï»š ,pos
Thabel robe :* ,pos
Ahah wa manel  wink wa9t bared kaleni ,pos
ï»£ïº¤ï»¼ï»™ ï»£ï»¨ïºï» ,pos
Superbe mannoula ,pos
Ma7lak ,pos
ï»£ïº¤ï»¼ï»™ ï»³ïº ïº³ïº¨ï»„ïº” â¤ï¸ ,pos
ï»§ïº¤ïº’ï»š ï»£ï»¨ï»®ï»Ÿïº” ,pos
ï»“ïº˜ï»®ï»­ï»­ï»­ï»• ğŸ˜ ,pos
NMOUT 3lik manoula ana ma3jba fik 3al5r ,pos
Top ,pos
ï»£ïº¤ï»¼ï® ï»£ï»¨ï»®ï» ïºï»­ï»£ïº°ï»³ï»¨ï»´ï® ïº­ïºï®ï»² ïº—ï»¬ïº’ï»´ï» ,pos
ï»£ïº¤ï»¼ï»™ ï»£ï»¨ïºï» ,pos
ï»£ï»¨ï»®ï»Ÿïº” ïº·ïºïº‘ïº” ,pos
Ma7leeek manoulti ,pos
ï»£ïºïºïº­ï»­ï»‹ï»š ,pos
Ma7lek wa manoulti ,pos
ïº­ïº‘ï»² ïº‘ïºïº­ï»™ ï»£ï»¨ïºï» ïº©ï»³ï»¤ïº ï»“ï»®ïº­ïº­ïº­ ,pos
Hna dziriya nmoutou 3lik ,pos
ï»§ïº¤ïº ï»³ïº ïºƒïº£ï» ï»° ï»“ï»¨ïºï»§ïº” ï»“ï»² ïºï»Ÿï»Œïºï»Ÿï»¢ ğŸ‘Œ ,pos
Fooooooort ,pos
ï»£ïº ïºïºŸï»¤ï» ï»š ï»­ï»£ïº ïºïºŸï»¤ï» ïºï»»ïº‘ïº˜ïº´ïºï»£ï»ª ,pos
So sexy a love it ,pos
Ma7leha el 8onaya ,pos
Bravo manel ,pos
ï»£ïº’ïº®ï»­ï»™ ï»‹ï» ï»° ïºïº§ïº˜ï»¨ïº ïºï»Ÿï»œïº®ï»³ï»¤ïº” ,pos
je t'aime amoula 1000 /1000 ,pos
ïº—ïº¤ï»´ïº ïºŸïº°ïºïº‹ïº®ï»³ïº” ï»Ÿï» ï»¤ï»¨ï»®ï»Ÿïº” ,pos
ïºï»§ïº– ï»³ïº ïº£ï»¤ïºïº—ï»² ïºï»Ÿïº¤ï»¨ï»´ï»¨ïº” ï»‹ï»¨ïºªï»™ ï»›ï»¨ïº” ï»‹ïº´ï» ïº” ïº‘ï»¨ï»´ï»¨ïº” ï»£ïºïº—ïº¤ïº˜ïºïº ï»Ÿïº¤ïº˜ï»° ïº¯ï»³ï»¨ïº” ïºïº£ï» ï»° ï»­ïº­ïº©ïº“ ï»“ïºïº£ï» ï»° ïºŸï»¨ï»´ï»¨ïº” ï»«ï»¬ï»¬ï»ª ,pos
Thabel manoula ,pos
ï»³ïºï»£ï»¨ï»®ï»Ÿïº” ï»³ïºïº¯ï»³ï»¨ï»ª ,pos
trÃ©s jolie robe :* ,pos
Thabli manalğŸ˜ğŸ˜ğŸ˜ ,pos
habybyyâ¤â¤ ,pos
Bellissima ,pos
MAHLEK YA MANOULA... ECHNOUA HEDHA EL KOL???!!! ECHNOUA HA EZINE...RAK KTALTNA W AADHABTNA... AALECH HEKA??? HRAM AALIK... YAKHI ELI IHIBEK IMOUT....... ,pos
TrÃ¨s jolie robe ,pos
Jolie bb ,pos
Waw ,pos
ïº­ï»­ï»‹ïº” ïºï»§ïº˜ï»² ï»£ï»¨ïºï» ,pos
Je t'aime manel toooop ,pos
Thabel thabel manoula ,pos
ï»‹ï»´ïºª ï»£ï»´ï»¼ïº© ïº³ï»Œï»´ïºª ï»­ï»‹ï»˜ïº’ïºï» 100ïº³ï»¨ïº” ïºƒï»¥ ïº·ïºïº€ ï·² ,pos
ï»£ïº¸ïºïº€ ï·² ïº·ïºïº‘ïº” ïº‘ïº°ïºï»‘ ïºŸï»¤ïºï» ïºï»Ÿï»Œïº®ïº‘ï»² ïºïº»ï»´ï» ,pos
ï»£ïº¤ï»¼ï»™ ï»£ï»¨ï»®ï»Ÿï»ªğŸ˜˜ğŸ˜˜ğŸ˜˜ğŸ˜˜ ,pos
ï»£ïº¤ï»¼ï»™ ï»£ï»¨ïºï» ,pos
Waw ,pos
ï»£ïºïº·ïºïº€ï·² ï»§ïº¤ïº’ï»š ï»£ï»¨ïºï» ï»‹ï»¤ïºïº­ïº“ ,pos
ïº­ï»­ï»‹ïº” ,pos
dima   mliha ,pos
mahla zinek ia manoulağŸ˜˜ğŸ˜˜ğŸ˜˜ ,pos
#topğŸ˜˜ #ManelğŸ’ğŸ’— hna nhibok fi alger ,pos
Mahla zinek rak 3sal emmmh 9adech enhbeeek ,pos
ïº­ïº‘ï»² ïº§ï» ï»˜ïº– ïºï»Ÿïº ï»¤ïºï» ï»­ï»—ï» ïº–.... ïº‡ïº—ï»˜ï»®ïº ï»“ï»œï»´ï»’ ï»§ïº®ï»¯ ïºï»Ÿïº ï»¤ïºï» ï»­ï»§ï»Œï» ï»˜ï»®ïº ï»Ÿï»´ïº´ïº– ï»£ïº ïºï»£ï» ïº” ï»­ïº‡ï»§ï»¤ïº ï»“ï»Œï»¼ ïºï»§ïº– ïºŸï»¤ï»´ï» ïº” ,pos
ï»§ï»¤ï»®ïº• ï»‹ï» ï»´ï»š ,pos
ïºƒï»§ïº ïº·ïºïº ïºŸïº°ïºïº‹ïº®ï»± ïº—ï»Œïº’ïº– ï»­ïºï»§ïº ï»§ïº’ïºïº­ï»ƒïºïºŸï»²ğŸ˜ï»£ïº¸ïº®ï»­ï»‰ ïºï»Ÿïº¼ï»”ïº¤ïº” ï»‹ïº’ïºïº­ïº“ ï»‹ï»¦ ï»§ïº¸ïº® ï»£ï»¨ïº¸ï»®ïº­ïºïº• ïº­ïºï»—ï»´ïº” ï»­ ïº»ï»®ïº­ ï»£ï»€ïº¤ï»œïº” ï»­ ï»£ïº¤ïº˜ïºïº ïº—ï»”ïºï»‹ï» ï»§ïº˜ï»¤ï»¨ï»° ï»›ï» ï»£ï»¦ ïºŸïºïº€ïº• ï»‹ï»´ï»¨ïºï»© ğŸ‘†ï»‹ï» ï»° ïº—ï»Œï» ï»´ï»˜ï»² ï»³ïºªïº§ï» ïºï»Ÿïº¼ï»”ïº¤ïº” ï»­ ï»³ïºªï»‹ï»¤ï»¨ï»² ï»‹ï» ï»° ïºï»»ï»—ï» ïº‘ï»¼ï»³ï»š ï»Ÿï» ïº¼ï»”ïº¤ïº” ğŸ˜˜ ,pos
ïº£ï» ï»® ,pos
ïºƒï»§ï»®ïº­ ï»£ï»¦ ïºï»Ÿïº ïº°ïºïº‹ïº® ï·² ï»³ïº’ïºïº­ï»™ ğŸ˜šğŸ˜šğŸ˜™ ,pos
ïº­ïºï»± ï»£ï» ï»´ïº¤ïº” ,pos
Tfata9 ,pos
tjrs belle â¤ ,pos
ma7lek ,pos
Magnifique ,pos
Belle ,pos
3essale toop magnifique Bella â™¥â™¥ ,pos
TrÃ¨s belle â¤ ,pos
ma belleğŸ˜ğŸ˜ğŸ’˜ğŸ˜˜ğŸ˜˜ ,pos
TrÃ¨s belle ğŸ˜â¤ ,pos
ïº­ï»­ï»‹ïº” ï»£ïº¤ï»¼ï»™ ï»­ ï»£ïº¸ïº’ï»š ,pos
Hab  mariage avec toi ,pos
Vous Ãªtes trÃ¨s chic et belle ,pos
Troppo bella ,pos
Ã‰lÃ©gante comme d'habitude ,pos
WAAAAAAAW ,pos
WaaaaaaaawğŸ˜®ğŸ˜®ğŸ˜®ğŸ˜®ğŸ˜®ğŸ˜®ğŸ˜® ,pos
Waaaaaw ğŸ’–ğŸ’–ğŸ’–ğŸ’– ,pos
Belisima manoula ,pos
ïº­ïºï»§ï»° ï»£ïº¤ïº’ï»®ï» ïº‘ï»š ,pos
ï»­ïº£ïºªï»™ ï»“ï»² ïºï»Ÿï»®ï»«ïº®ï»©.ï»£ï»¨ï»®ï»Ÿï»ª ,pos
ï»£ïº¤ï»¼ï»«ïº ï»­ï»£ïº¤ï» ï»° ï»—ï»”ïºï»ƒï»´ï»¨ï»¬ïº ï»£ï»¦ ï»Ÿï»´ïº’ï»´ïº ï»£ïºïº·ïºïº€ï·² ï»‹ï» ï»´ï»š ï»£ï»¨ï»® ,pos
ï»§ïº¤ïº’ï»š ï»³ïº ï»£ï»¨ï»®ï»Ÿïº” ,pos
3essale y'a manoula ,pos
Hab  mariage avec toi ,pos
ï»—ï»¤ïº® ,pos
Ma7leha el 8onaya manoula ,pos
ï»£ï»¨ïºï» ïºƒï»‹ïº ïº’ïº˜ï»¨ï»² ïºƒï»ï»¨ï»´ïº˜ï»œï»² ïºƒï»§ïº ï»›ï» ï»³ï»®ï»¡ ï»§ïº´ï»¤ï»Š ï»“ï»´ï»ª ,pos
extra ğŸ˜ğŸ˜ğŸ˜ ,pos
ï»£ïº¤ï»¼ï® ï»£ï»¨ï»®ï»» ïºï»£ïº°ï»³ï»¨ï»´ï® ,pos
ïº­ï»­ï»‹ïº” ï»£ï»¦ ïºŸï»¤ï» ï»š ï»³ïº ï»£ï»¨ï»®ï»Ÿïº” ïºï»Ÿï»¤ïº°ï»³ï»¨ïº” ,pos
oooh my good is dream ,pos
ï»£ï» ï»œïº” ïºŸï»¤ïºï» ïºï»Ÿï»Œïº®ïº ,pos
mon amourrrrrğŸ˜ğŸ˜ğŸ˜ğŸ’˜ğŸ’˜ğŸ˜˜ğŸ˜˜ ,pos
ïº­ï»­ï»‹ïº” ï»³ïºï»£ï»¨ïºï» ,pos
Ma7lek manoula tbarkalah 3lik ,pos
ï»³ïºï»£ï»¨ïºï» ï»³ïºï»£ï»¨ïºï» ïºïº­ïº£ï»¤ï»´ï»¨ï»² ïº·ï»®ï»³ïº ,pos
Top al namra ,pos
Princesse ğŸ‘‘ ,pos
"Mahlek \""MANOULA\"" Bonne soirÃ©e... ",pos
wallahi tbarkalla 3lik ena mo3jba b nachatik m3ak rabbi ,pos
ïºï»Ÿï» ï»² ïº¯ï»³ï»¨ïº ïº¯ï»³ï»¨ïº ,pos
ïº—ïº’ïºïº­ï»™ ï·² ï»‹ï» ï»° ï»»ï»» ï»£ï»®ï»»ïº—ï»² ,pos
ïºï»Ÿï» ï»² ïº£ïº’ï»´ïº˜ï»® ï»“ï»´ï»š ïº‘ïºªï»³ïº– ï»§ïº¸ï»®ï»“ï»® ,pos
ï»£ïº®ïº ï»£ï»¨ïºïº¿ï» ïº” ïº—ïº´ïº˜ïº¤ï»– ï»›ï» ïº§ï»´ïº® ,pos
?ğŸ˜ğŸ˜ğŸ˜ğŸ˜ğŸ˜ğŸ˜ğŸ˜,pos
?ğŸ’˜ğŸ’˜ğŸ˜ğŸ’˜ğŸ’˜ğŸ˜ğŸ’˜ğŸ’˜ğŸ˜ğŸ’˜ğŸ’˜,pos
comment_text,pos
Ø±Ø¬Ø¹ Ø¨Ù‚ÙˆØ© ğŸ˜˜ğŸ˜šğŸ˜š,pos
Ù…Ø³Ù„Ø³Ù„ Ø­Ù„Ùˆ Ø¨Ø±Ø´Ø©,pos
ÙˆØ­Ø¯Ùƒ ÙˆØ­Ø¯Ùƒ ÙŠØ§ Ø¨ÙŠØ±ÙˆÙ… Ø§Ù„Ø£Ù†ÙŠÙ‚ğŸ˜˜ğŸ˜˜ğŸ˜˜ğŸ˜˜,pos
bravoooooooo,pos
abonnÃ© toi c'est  moi qu'il la cree,pos
ØªØ­ÙŠØ§. Ù†Ø§Ø³ ØªÙˆÙ†Ø³. ÙˆÙŠÙ† Ù…Ø§ ÙƒÙˆÙ†Ùˆ. ÙˆÙŠØ­ÙŠØ§. Ø§ÙˆÙ„Ø§Ø¯ Ù…ÙÙŠØ¯Ø© Ù‡Ù‡Ù‡Ù‡Ù‡Ù‡Ù‡Ù‡Ù‡ Ø¨ÙŠØ±Ù…ğŸ˜ Ø¨Ø¯Ø±ğŸ˜ Ø§Ø¨Ø±Ø§Ù‡ÙŠÙ…ğŸ˜#Ø¹Ù†Ø§Ø¨ÙŠØ©ğŸ’,pos
Ù‚Ø§Ù„Ù„Ù‡Ø§ ØªØ­Ø¨ Ø¨ÙŠØ¨ÙŠ Ø§Ø®Ø±ØŸ 2sec ØªØ·Ù„Ø¹Øª Ø­Ø¨Ù„Ø© 2 sec ÙˆÙ„Ø¯Øª Ù‡Ù‡Ù‡Ø¹ Ù‚ÙˆØª Ø§Ø®Ø±Ø§Ø¬,pos
Ø·ÙŠÙŠÙŠÙŠÙŠÙŠØ¨ ğŸ˜‚ğŸ˜‚ğŸ˜‚ğŸ˜‚ğŸ˜‚ğŸ˜ğŸ˜‚ğŸ˜‚ğŸ˜‚ğŸ‰ğŸ˜ğŸ˜ğŸ˜ğŸ˜ğŸ˜ğŸ˜‚ğŸ˜‚ğŸ‰ğŸ‰ğŸ˜‚ğŸ˜ğŸ˜ğŸ˜ğŸ˜ğŸ˜ğŸ˜ğŸ˜ğŸ˜ğŸ‰ğŸ‰ğŸ‰,pos
Ø´Ù‡Ø± Ø±Ù…Ø¶Ø§Ù† Ø´Ù‡Ø± Ù…Ø¨Ø§Ø±Ùƒ ÙˆÙ‡Ù„ Ø§Ù„Ù…Ø³Ù„Ø³Ù„ ÙÙŠÙ‡ ÙƒØ§Ù† Ø§Ù„ÙƒÙ„Ø§Ù… Ø§Ù„Ø²ÙŠØ¯  Ø¥Ø­Ø´Ù…ÙˆØ§ Ø¹Ù„Ù‰ Ø±ÙˆØ­ÙƒÙ…,pos
bayrem maynajemch i3ich manghir machekel malla khra w go3r w tassa ya3tih hamm 3ala rassou likhra hedha,pos
7al9a behya barcha daloula,pos
Ù„Ø§Ø²Ù… Ù…Ø³Ù„Ø³Ù„ Ø§Ø®Ø± Ù„ÙˆÙ„Ø¯ Ø¨ÙŠØ±Ù… Ø§Ù„Ø¸Ø§Ù‡Ø± Ø­ØªÙ‰ Ù‡Ùˆ ÙÙŠ ÙƒØ¨Ø±Ùˆ Ø¨Ø§Ø´ ÙŠØªØµØ¯Ù… ğŸ”±ğŸ‘Œ,pos
Ø¢Ù…Ø§Ø§Ø§Ø§Ù„ Ø¹Ù„ÙˆØ§Ù†ğŸ˜ğŸ˜“ ÙˆÙ„Ø§Øª Ù…Ø§Ø³Ø·Ø©Ø© ğŸ˜,pos
j'aime bien le feuilletr...mteb3ato ...sauf k maajebntnich lahkaya ki hassna heblet m sadek....w khrej bayrem mouch rajel...koun lahkaya taamlet autrement.sinon c un.feuilleton ki fait la une....min.l'AlgÃ©rie ohayikom ğŸ˜˜,pos
Ø§Ù„ØµØ¨Ø± Ø­Ø³Ù†Ø§Ø¡ ØªÙ…Ø±Ù…Ø¯Øª Ù„ÙŠÙ† Ù…Ø§Ø¹Ø§Ø¯Ø´,pos
 best of wled moufida ,pos
Ø§Ù„Ø­Ù„Ù‚Ø© ØªØ¨Ø¯Ø§ ÙØ§Ù„Ø¯Ù‚ÙŠÙ‚Ø© 4:56ÙØ±Ø¬Ø© Ù…Ù…ØªØ¹Ø©ğŸ¤—,pos
Ø¨ÙŠØ±Ù… Ø¹Ø¬Ø¨ØªÙ†ÙŠ ÙÙŠ Ø§Ù„Ø­Ù„Ù‚ Ù‡Ø°ÙŠ,pos
une trÃ¨s belle sÃ©rie saha ftorkom men l'AlgÃ©rie,pos
ÙˆØ§Ù„Ù„Ù‡ Ù‡Ø°Ø§ ÙˆÙŠÙ† Ø±Ø¬Ø¹ Ø§Ù„ÙÙŠÙ„Ù… Ù…Ù„ÙŠØ­ ÙƒÙŠ Ø®Ø±Ø¬ Ø¨ÙŠØ±Ù… Ø¨ØµØ­ Ø­Ø¨ÙŠØªÙˆ ÙŠØ¯ÙŠØ± Ù…ÙˆÙ‚Ù ÙˆÙŠÙ†Ø³Ø§ Ø­Ø³Ù†Ø© Ù…Ø§ÙŠÙƒÙˆÙ†Ø´ ÙŠØ§Ø³Ø± ÙŠÙ…Ø´ÙŠ Ø¨Ù‚Ù„Ø¨Ùˆ Ù„ÙƒÙ† Ù…Ø²Ø§Ù„Øª Ø§Ù„Ø§Ø­Ø¯Ø§Ø« ØªØªØ¨Ø¯Ù„,pos
Ø±Ø¬Ø¹ Ø¨ÙŠØ±Ù… Ø­ÙŠØ§ Ø§Ù„Ù…Ø³Ù„Ø³Ù„ ,pos
hadi awel mra ntfrj film tonsi foooor ta7iya mn alger likom ğŸ˜ŠğŸ˜€,pos
ØµØ­Ø§ ÙØ·ÙˆØ±ÙƒÙ… Ø®ÙˆØªÙ†Ø§ ØªÙˆÙ†Ø³Ø§ Ùˆ Ø§Ù„Ù…ØºØ§Ø±Ø¨Ø© ØªØ­ÙŠØ§ØªÙŠ Ù…Ù† Ø§Ù„Ø¬Ø²Ø§Ø¦Ø± ğŸ˜˜ğŸ˜˜ğŸ˜˜ğŸ˜˜ğŸ˜˜,pos
ğŸ‘ğŸ‘badr au topsğŸ‘ğŸ‘ğŸ‘ğŸ’•ğŸ’•ğŸ’•ğŸ’•ğŸ‘Ù†Ù…ÙˆØª Ø¹Ù„ÙŠÙƒÙ… ÙˆØ¹Ù„Ù‰ Ù…Ø³Ù„Ø³Ù„Ø§ØªÙƒÙ…,pos
Ø¨Ø¯Ø± ğŸ’™ğŸ’–ğŸ’–ğŸ’–ğŸ’•ğŸ’•ğŸ’ğŸ’ğŸ’ŸğŸ’ğŸ’‹ğŸ˜˜ğŸ˜,pos
balti sawto waaaw â¤â¤â¤,pos
Ø¨ÙŠØ±Ù… ğŸ˜,pos
Ù†Ø§Ø§Ø§Ø§Ø§Ø§Ø§Ø§Ø§Ø§Ø§Ø§Ø§Ø± ÙŠØ§ Ù…Ø¹Ù„Ù… ğŸ˜ğŸ˜ğŸ˜,pos
ah ya badir za3ma rajil sayib 3lik,pos
Ù‡Ù‡Ù‡ ÙƒÙ„ ÙŠÙˆÙ… Ø­Ø¯ ÙŠÙƒÙ„ Ø·Ø±ÙŠØ­Ø© ÙÙŠ Ø§Ù„Ù…Ø³Ù„Ø³Ù„ ğŸ˜‚ğŸ˜‚,pos
Ù…Ø­Ù„Ø§Ù‡ Ø§Ù„Ø¨ÙŠØ¨ÙŠ .. Ø¹Ø§Ù‚Ø¨Ø© Ù„ÙŠØ§,pos
ana maghrebia o ntfaraj fe had film raw3aaaa ke hama9 bezzefff tahia nas Tunisia rakom zaz,pos
"Ø§Ù„Ù„Ù‡ Ø§Ø­Ø³Ù† Ù…Ø³Ù„Ø³Ù„ ØªÙˆÙ†Ø³ÙŠ Ø´ÙØªÙˆ ÙÙŠ Ø­ÙŠØ§ØªÙŠ . 
ÙˆØ§Ù„Ù†Ø§Ø³ Ù„ÙŠ ØªØ´ÙˆÙ ÙÙŠÙ‡ Ù…ÙˆØ´ Ø¨Ø§Ù‡ÙŠ Ù„Ù„Ø¹Ø§Ø¦Ù„Ø© ÙˆÙŠÙ‚ÙˆÙ„ÙˆÙ† Ø¹Ù„ÙŠÙ‡ ÙÙŠÙ„Ù… Ø®Ø§Ù…Ø¬ . Ø¨Ø§Ù„Ø¹ÙƒØ³ ÙÙŠÙ„Ù… ÙÙŠÙ‡ Ø±ÙˆØ­ Ø§Ù„Ø®Ù„Ù‚ . Ø´ÙˆÙÙˆ Ø¨ÙŠØ±Ù… Ø¶Ø±Ø¨ Ø¨Ø¯Ø± Ø¨ÙƒÙ Ø¨Ø¯Ø± ÙƒØ§Ù† ÙŠØ¹Ø±Ù Ù„Ù‚Ø¯Ø± ÙˆÙ…Ø±Ø¬Ø¹Ù„ÙˆØ´ . ÙˆØ²ÙŠØ¯ ÙˆÙ„Ø§Ø¯ Ù…ÙˆÙÙŠØ¯Ø© ØµØ­ÙŠØ­ Ø²Ø·Ø§Ù„Ø© Ø¨ØµØ­ Ø¹Ù…Ø±Ù‡Ù… Ù…Ø§Ø³Ø¨Ùˆ Ø§Ù…Ù‡Ù… ÙˆÙ„Ø§ Ø¶Ø±Ø¨ÙˆÙ‡Ø§ . Ù‡Ø§Ø°Ø§ Ø§Ù„ÙÙŠÙ„Ù… ÙŠØ¨Ø¹Ø« Ù…ÙŠØ³Ø§Ø¬ . Ø±ØºÙ… ÙØ³Ø§Ø¯ Ø§Ù„Ù…Ø¬ØªÙ…Ø¹ Ø¥Ù„Ø§ Ø£Ù† Ø§Ù„Ø¹Ø§Ø¦Ù„Ø© ØªØ¨Ù‚Ù‰ Ù…ØªÙ…Ø§Ø³ÙƒØ© ÙˆØ§Ù„Ø£Ø®Ù„Ø§Ù‚ Ø±Ø§Ø¦Ø¹Ø© Ø¨ÙŠÙ† Ø£ÙØ±Ø§Ø¯Ù‡Ø§ . Ø´ÙƒØ±Ø§ Ù„Ù„Ù…Ø®Ø±Ø¬ Ø´ÙƒØ±Ø§ Ù„Ù„Ù…Ù…Ø«Ù„ÙŠÙ†",pos
ØµØ­ ÙØ·ÙˆØ±ÙƒÙ… Ø®Ø§ÙˆØªÙŠ  Ø§Ù„Ù„Ù‡ ÙŠÙ‚Ø·Ø¹ Ø§Ù„Ø­Ø¨ ÙˆØ³Ù†ÙŠÙ† Ø§Ù„Ø­Ø¨ Ø§Ù„ÙŠ ÙŠØ°Ù„ Ø§Ù„ÙˆØ§Ø­Ø¯ ÙˆØ¨ÙŠØ±Ù… Ø§Ø­Ø³Ù†ÙˆØ§Ø­Ø¯ Ù‡Ùˆ ÙˆØ¨Ø¯Ø±,pos
bader is like a boss :D,pos
Ù…Ù„Ø§ Ø¨ÙŠØ±Ù… Ø±Ø¬Ø¹ Ùˆ Ø¨Ù‚ÙˆØ©,pos
ğŸ˜ğŸ˜ğŸ˜Ø¨ÙŠØ±Ù…ğŸ’•ğŸ’•ğŸ’•âœ‹âœ‹ğŸ˜‚,pos
Awled Moufida,pos
malla irhebi fi mo5ou,pos
j'adore grave merci beaucoup pour cette sÃ©rie tooooop de tooooop,pos
ğŸ˜œğŸ˜œğŸ˜œ,pos
"ÙˆØ§Ùˆ Ù…Ø§ Ø§Ø¬Ù…Ù„  Ù…Ø³Ù„Ø³Ù„Ø§ØªÙƒÙ… Ø§Ø®ÙˆØ§Ù†ÙŠ Ø§Ù„ØªÙˆØ§Ù†Ø³Ø© Ø§Ù†Ø§ Ø§Ø­Ø¨ Ù†ÙˆÙ†Ø³ Ø¨Ø§Ø±Ø´Ø§ Ø¨Ø§Ø±Ø´Ø§ ØªØ­ÙŠØ© Ù„ÙƒÙ„ Ø§Ù„Ø´Ø¹Ø¨ Ø§Ù„ØªÙˆÙ†Ø³ÙŠ  
Ø§Ø®ÙˆÙƒÙ… Ù…Ù† ØªÙˆÙ†Ø³",pos
ğŸ‘ğŸ‘ğŸ‘,pos
wow,pos
offfff malla 7al9a,pos
wow,pos
semi fehri m3alm,pos
Ù…Ø³Ù„Ø³Ù„ Ø§ÙˆÙ„Ø§Ø¯ Ù…ÙÙŠØ¯Ø© Ø§Ø­Ø³Ù† Ù…Ø³Ù„Ø³Ù„ ØªÙØ±Ø¬ØªÙˆ Ø²Ø¯Ù„Ù†Ø§ Ø­Ù„Ù‚Ø§Øª Ø®Ù„ÙŠÙ†Ø§ Ù†ÙƒÙ…Ù„ÙˆÙ‡ Ø´ÙˆÙ‚ØªÙ†Ø§ Ø±Ø§Ùƒ,pos
Ø¨Ø¯Ø± Ø¨Ø¯Ø± Ø§Ù†Ø­Ø¨Ùƒ Ùˆ Ø§Ù†Ù…ÙˆØª Ø§Ø¹Ù„ÙŠÙƒ ØªØ­ÙŠÙ‡ Ø¬Ø²Ø§Ø¦Ø±ÙŠÙ‡ Ù„ÙŠÙƒ Ø§ÙØ¶Ù„ Ù…Ø³Ù„Ø³Ù„,pos
Bravo bader,pos
je suis morte de rire beaucoup de problÃ¨me dans mon cher Tunisie anchallah tous les anchallah on trouve solution de problÃ¨me gens vont bien,pos
FOoOor bader,pos
Ø§Ø­Ù„ÙŠ Ù…Ø³Ù„Ø³Ù„ Ø§Ù„ØªÙˆÙ†Ø³ÙŠ,pos
ÙÙŠÙ„Ù… Ø±ÙˆØ¹Ø©  ÙŠÙƒÙˆÙ† ÙÙŠÙ‡ Ø¬Ø²Ø¡ Ø±Ø§Ø¨Ø¹,pos
Ù…Ø³Ù„Ø³Ù„ ÙˆØ§Ù‚Ø¹ÙŠ Ø¨Ø±Ø´Ø§ Ù…Ø²ÙŠØ§Ù† ØµÙ†Ø¹ Ø§Ù„ØªÙˆÙ†Ø³ÙŠ,pos
"ÙÙŠÙ„Ù… Ù‡Ø§ÙŠÙ„ Ø¨Ø£Ø­ØªØ±Ø§ÙÙŠØ© Ø¹Ø§Ù„ÙŠØ© ØªÙ‚Ù„Ø´ Ø¹Ù„ÙŠÙƒ ØªØªÙØ±Ø¬ ÙÙŠ ÙÙŠÙ„Ù… ØªØ±ÙƒÙŠ ÙˆÙ„Ø§ Ø·Ù„ÙŠØ§Ù†ÙŠ Ø¨Ø±Ø¯Ùˆ ØªÙˆØ§Ù†Ø³Ø©
Ø§Ù†Ø§ Ù…Ù† Ø§Ù„Ø¬Ø²Ø§ÙŠØ±",pos
Ø±ÙˆØ¹Ø©,pos
Mella bader,pos
A7san  mousalsal  awled  moufida ğŸ˜ğŸ˜ğŸ˜ğŸ˜ğŸ˜ğŸ˜ğŸ˜ğŸ˜ğŸ˜ğŸ˜ğŸ˜,pos
bravouuuuuuğŸ‘ğŸ‘ğŸ‘ğŸ‘ğŸ‘ğŸ‘chapeauuuğŸ‘ŒğŸ‘ŒğŸ‘ŒğŸ‘ğŸ‘ğŸ‘ğŸ“ğŸ“ğŸ“,pos
The best movie ever I like it so much,pos
Ø§Ø­Ø³Ù† Ù…Ø³Ù„Ø³Ù„,pos
ğŸ˜€ğŸ˜€ğŸ˜€ğŸ˜€ğŸ˜€ğŸ˜€ğŸ˜€ğŸ˜ƒğŸ˜ƒğŸ˜ƒğŸ˜ƒğŸ˜ƒğŸ˜ƒğŸ˜ƒğŸ˜‚ğŸ˜‚ğŸ˜‚ğŸ˜‚ğŸ˜‚ğŸ˜‚ğŸ˜‚ğŸ˜ŠğŸ˜ŠğŸ˜ŠğŸ˜ŠğŸ˜ŠğŸ˜ŠğŸ˜ŠğŸ˜†ğŸ˜†ğŸ˜†ğŸ˜†ğŸ˜†ğŸ˜†ğŸ˜†â˜ºâ˜ºâ˜ºâ˜ºâ˜ºâ˜º,pos
Ø§Ø­Ø³Ù† Ù…Ø³Ù„Ø³Ù„ ØªÙˆÙ†Ø³ÙŠ Ø¨Ø¯ÙˆÙ† Ù…Ù†Ø§Ø²Ø¹ ÙÙŠ Ø§Ù„ØªÙ„ÙØ²Ø© Ø§Ù„ØªÙˆÙ†Ø³Ø³ÙŠØ©,pos
chapeaaauuuu sami el feehrii ... vraiment kcheef 3laa baarchaa 5maaj .. w waraa rouhou yaa3ref baarchaa fssed ama 5saaraa kolhaa theeb ken t3aab jiibhaa w maa yhemheech fi tounes w el mr7laa mta3 miziriyaa eli wosletelha ken jee kol we7edd y8iir 3laa  traab bledouuu wy7aafe4 3laa amlekhaa  raanaa  na4aarbou w naaser3ouu fi 3alam kemel ... rahou kol we7ed yebda fiÃ©re wa9teeliii y9oul #ENA_TOUNSI  ..ama allah 8aaleb blednaa ma l9aatech el rjeel yee9fouu 3lihaa w yheebouhaa w ysounouhaa kima bolden el fetetnaa bkol chay ... nchallah rabii yonsor bledna,pos
Ø­Ù„ÙˆØ§. Ø¨Ø±Ø´ÙŠÙŠÙŠÙŠÙŠÙŠÙŠÙŠÙŠÙŠÙŠÙŠÙŠÙŠÙŠ,pos
Ø­Ù„ÙˆØ§. Ø¨Ø±Ø´ÙŠÙŠÙŠÙŠÙŠÙŠÙŠÙŠÙŠÙŠÙŠÙŠÙŠÙŠÙŠ,pos
hayl,pos
 Ø§Ù„Ù…Ø³Ù„Ø³Ù„ Ø§Ø¨Ø¯Ø§Ø¹ ÙˆÙ„Ù„Ù‡,pos
bravoo,pos
Pauvre BadrÂ  !!,pos
Ø´ÙƒØ±Ø§ Ø¹Ù„Ù‰ Ù…Ø¬Ù‡ÙˆØ¯Ø§ØªÙƒ Ø³Ø§Ù…ÙŠ Ø§Ù„ÙÙ‡Ø±ÙŠ..,pos
J'espÃ¨re qu'il y aura une saison 4 parce qu'il y a pleins de chose qui ne sont pas encore achevÃ©s. Sinon c'est ma sÃ©rie prÃ©fÃ©rÃ©e â¤ï¸,pos
Ø®Ø³Ø§Ø±Ø© Ø®Ù„Øµ Ø§Ù„Ù…Ø³Ù„Ø³Ù„ Ù†Ø­Ø¨Ø¨Ø¨ÙˆÙ‡ Ø¨Ø²Ø§Ø§Ø§Ù Ø¨Ø²Ø²Ø²Ø§Ù Ø§Ø±ÙˆØ¹ Ù…Ø³Ù„Ø³Ù„ Ø¹Ø±Ø¨ÙŠ ØµØ±Ø§Ø­Ø© Ø£Ø¨Ø¯Ø¹ Ø³Ø§Ù…ÙŠ Ø§Ù„ÙÙ‡Ø±ÙŠ Ùˆ Ø§Ù„Ù…Ù…Ø«Ù„ÙŠÙ† Ø±Ø§ÙŠØ¹ÙŠÙŠÙ† Ø®Ø§ØµØ© Ø¨ÙŠØ±Ù… Ùˆ Ø¨Ø¯Ø± chapeau bas !!!!!!  ,pos
semi merci pour le plaisir c une fiction et la fin c celle que tu as choisi il faut rendre Ã  CÃ©sar ce qu'il lui appartient bravo et surtout bravo Ã  Nidal pour sa prestation de folie,pos
Ø¨Ø¯Ø± Ù‡Ø¨Ù„ Ø§Ù„Ø¨Ù†Ø§Øª Ù…Ø´ Ø¨Ø§Ù„Ø²ÙŠÙ† Ø¨Ø±ÙƒØ© Ù„Ø§ Ø¨Ø§Ù„Ù…Ø® ÙˆØ§Ù„Ø°ÙƒÙ‰ ÙˆØ§Ù„Ø±Ø¬ÙˆÙ„Ø©,pos
Ø¨Ø¯Ø± Ø´Ø¨Ø§Ø§Ø§Ø§Ø§Ø¨ Ø¨Ø±Ø´Ø§,pos
Ø§Ù‚ÙˆÙŠ Ù…Ø³Ù„Ø³Ù„ ğŸ’ªğŸ’ªğŸ‘ğŸ‘,pos
pffffffffffff trop fort,pos
ğŸ˜¢ğŸ˜¢ğŸ˜¢ğŸ˜­ğŸ˜­ğŸ˜­ğŸ˜­ğŸ˜­ğŸ˜­ğŸ˜­ğŸ˜­ğŸ˜­ğŸ˜­ğŸ˜­ğŸ˜­ğŸ˜­ğŸ˜­ğŸ˜­ğŸ˜­ğŸ˜­ğŸ˜­ğŸ˜­ğŸ˜­ğŸ˜­ğŸ˜­ğŸ˜­ğŸ˜­ğŸ˜­,pos
bravo Ã  toute l'Ã©quipe et surtout yassine ben gamra w nchalla ta3melou saison 4,pos
"c'est la seule Ã©pisode que m'attire mon intention , comment dirais-je  c'est le beur du lait",pos
ANA 3jebni w 3ajbtni la fin,pos
"en faite how lmo5rej el dhkey ya3ref kifeh yorbet loumour mli7...  si el fehri  3amal types jdid , bablbez loumour lkol w zid 
 kamel balbezha fele5er 3la  5ater ashelou haka fi 3oudh ma  yestanbet 7aja postive w  ye9belha lmo5",pos
rojla badr toop,pos
ÙˆÙ„Ù„Ù‡ Ù†Ù‡Ø§ÙŠØ© Ø±ÙˆØ¹Ø©  Ù„ÙƒÙ† ÙƒÙ† Ø·ÙˆÙ„Ùˆ Ø­Ù„Ù‚Ø© Ø§Ø®Ø±Ø©,pos
ÙÙŠÙ„Ù… Ø²ÙˆÙŠÙ† Ø¨Ø²Ø§Ø§Ø§Ù Ù†ØªØ¨Ø¹ ÙÙŠÙ‡ Ù…Ù† Ø§Ù„Ù…ØºØ±Ø¨,pos
"Ø§Ù†Øª Ø°ÙƒÙŠ ÙŠØ§ Ø³Ø§Ù…ÙŠ Ø§Ù„ÙÙ‡Ø±ÙŠ Ø§Ù…Ø§ Ù†Ù‡Ø§ÙŠØ§Øª Ù…Ø³Ù„Ø³Ù„Ø§ØªÙƒ Ù…ÙØ§Ø¬Ø¦Øª

ÙˆÙŠÙ…ÙƒÙ† Ù…Ø§ØªÙ‚Ù†Ø¹Ø´ Ø¨Ø±Ø´Øª ÙˆØ¨Ø§Ø´ ÙŠÙƒÙˆÙ† ÙÙŠ Ø¨Ø§Ù„Ùƒ Ø§Ù„Ø¬Ø²Ø¡ Ø§Ù„Ø«Ø§Ù„Ø« Ø±Ø§Ùƒ Ø¨Ù„Ø¨Ø²ØªÙˆÙˆÙˆÙˆÙˆÙˆÙˆ. ÙŠØ§Ø§Ø§Ø§Ø§Ø§Ø§Ø§Ø§Ø§Ø§Ø§Ø³Ø±",pos
Ø§Ø²Ø­ ÙˆÙØ§,pos
c'est pas sur que cherif est mort bande de con!!! bravo sami,pos
ğŸ’ªğŸ’ªğŸ’ª,pos
Ù‡Ø°ÙŠ Ø§Ù„Ø­Ù„Ù‚Ø© Ø§Ù„Ø§Ø®ÙŠØ±Ø© ÙˆÙ„Ø§ Ù…Ø²Ø§Ù„ .....Ø¬Ø§ÙˆØ¨ÙˆÙ†ÙŠ ÙŠØ§ Ø¬Ù…Ø§Ø¹Ø©,pos
woooooow makench jozei 4,pos
alah akbar kan nas (taiba) si chrif,pos
"tnajmou toghzrou lil mosalsil bi point de vue positive, illi hiyya , la7ram mouch behi , w 9ad maytoul lezim rabbi ytalli3 la79i9a w kol wehid bech y5allis fiddinya 9bal il a5ra..... merci SAMI pour ce feuilleton",pos
ÙŠØ§Ø¹Ù…Ø±ÙŠ Ø¹Ø§Ù„Ù…ÙˆØ³ÙŠÙ‚Ù‰ Ù…Ø§Ù„Ø®Ø± ØªÙØ·Ù‚ ğŸ˜£ğŸ˜£ğŸ˜£ğŸ˜£ğŸ˜£ğŸ˜£,pos
Ù‚ÙˆØ© ØªÙ…Ø«ÙŠÙ„ Ù‡Ø´Ø§Ù… Ø±Ø³ØªÙ… Ùˆ ÙŠØ§Ø³ÙŠÙ† Ø¨Ù† Ù‚Ù…Ø±Ø© ÙˆØ§Ù„Ù„Ù‡ Ø¨Ø±Ø§ÙÙˆ Ù…Ø³Ù„Ø³Ù„ Ø·ÙŠØ§Ø±Ø© Ø¨ÙƒÙ„ Ø§Ù„Ù…Ù‚Ø§ÙŠÙŠØ³ Ù…Ù† Ø¥Ø®Ø±Ø§Ø¬ ØªÙ…Ø«ÙŠÙ„ Ø¯ÙŠÙƒÙˆØ± Ø¨Ø±Ø§ÙÙˆ Ø³Ø§Ù…ÙŠ Ø§Ù„ÙÙ‡Ø±ÙŠ Ù†Ø¶Ø§Ù„ Ø§Ù„Ø³Ø¹Ø¯ÙŠ trop top,pos
Ù†Ù‡Ø§ÙŠØ© Ù…ØªØ®Ù„ÙØ©.. ÙŠØ­Ø§Ø³Ø¨ ÙÙŠ Ø£Ù…Ùˆ ÙˆØ¨ÙˆÙ‡ Ø¹Ù„Ù‰ ØºÙ„Ø·Ø© ØµØ§Ø±Øª ÙÙŠ Ø´Ø¨Ø§Ø¨Ù‡Ù… Ø±ØºÙ… Ø§Ù„ÙŠ Ø¹Ù…Ù„Ùˆ ÙƒÙ„ Ø´ÙŠ Ø¨Ø§Ø´ ÙŠØ­Ù…ÙŠÙˆÙ‡Ù… Ùˆ ÙŠØ³Ø§Ù†Ø¯ÙˆÙ‡Ù… ÙÙŠ Ø­ÙŠØ§ØªÙ‡Ù….,pos
Ù…Ù„Ø§ Ø³ÙŠÙ†Ø§Ø±ÙŠÙˆ ÙˆÙ…Ù„Ø§ Ø¥Ø¨Ø¯Ø§Ø¹ ÙƒÙ„ Ø­Ù„Ù‚Ø© ÙŠØ±ÙƒØ² Ø¹Ù„Ù‰ Ø­ÙƒØ§ÙŠØ© Ù…Ø¹ÙŠÙ†Ø© ÙˆÙŠÙ†Ø³Ù‰ Ù„Ø­ÙƒØ§ÙŠØ§Øª Ø¢Ø®Ø±ÙŠÙ†.ÙˆÙ…Ø´ ÙØ§Ù‡Ù…Ø©  Ø¹Ù„Ø§Ù‡ Ù„Ø¨Ù†Ø§Øª Ø§Ù„ÙƒÙ„ Ø¹Ø§Ù…Ù„Ù‡Ù… ÙŠØªØ¶Ø±Ø¨Ùˆ ÙÙŠ Ø¨Ø¯Ø±.ÙˆÙ„Ø§ Ø´ÙˆÙ Ù‡Ø§Ùƒ Ø§Ù„Ù†Ù‡Ø§ÙŠØ© ÙŠØ³Ø®Ù Ø§Ù„Ø´Ø±ÙŠÙ Ø¬Ø§ÙŠ ÙŠØ­Ø§Ø³Ø¨ ÙÙŠÙ‡ Ø¹Ù„Ù‰ Ø­ÙƒØ§ÙŠØ© Ù„ÙŠÙ‡Ø§ Ø³Ù†ÙŠÙ† ÙˆØ§Ø¨Ù‚Ù‰ Ù‡Ùˆ Ø³Ø§Ù…Ø­ Ø²ÙŠØ§Ø¯ Ø§Ù„Ø§ Ø§Ù‚ØªÙ„Ùˆ Ø®Ø·ÙŠØ¨ØªÙˆ Ø§Ø¯Ø®Ù„Ùˆ Ù„Ù„Ø­Ø¨Ø³ ÙˆÙ…Ø§Ù†Ø¬Ù…Ø´ ÙŠØ³Ø§Ù…Ø­ Ø¨ÙˆÙ‡,pos
Ù‡Ø°Ø§ Ù…Ø§ ÙŠØ¬Ù†ÙŠÙ‡ Ø§Ù„Ø­Ø±Ø§Ù… Ø§Ø­Ù„Ø§Ø§ Ø´ÙŠ ÙÙŠ Ø§Ù„Ø¯Ù†ÙŠØ§ Ø§Ù„Ø­Ù„Ø§Ù„  Ø¨Ø¯Ø± Ù‚ØªÙ„ Ø´Ø±ÙŠÙ Ø®Ø§Ø·Ø± Ù…Ø§ ÙŠØªØµÙˆØ±Ø´ Ø±Ø§Ø¬Ù„ ØºÙŠØ± Ø¨ÙˆÙ‡ Ù…Ø¹ Ø§Ù…Ùˆ ÙˆØ§Ø¹ØªØ¨Ø± Ø³ÙŠ Ø´Ø±ÙŠÙ Ø±Ø§Ø¬Ù„ ØºØ±ÙŠØ¨,pos
ÙƒØ±Ù‡Øª Ø¨Ø¯Ø±Ù„Ø£Ù†Ù‡ Ù‚Ø§ØªÙ„,pos
choquÃ©e,pos
Ø£Ø±ÙˆØ¹ Ù…Ø³Ù„Ø³Ù„ ØªÙˆÙ†Ø³ÙŠ Ø³ÙØªÙˆ ÙÙŠ Ø­ÙŠØ§ØªÙŠ Ø±ÙˆØ¹Ø¹Ø¹Ø¹Ø¹Ø¹Ø¹Ø¹Ø¹Ø¹Ø¹Ø¹Ø¹Ø¹Ø¹Ø¹Ø¹Ø¹Ø¹Ø¹Ø¹Ø¹Ø© Ø§Ù…Ø§ Ø®Ø³Ø§Ø±Ø© Ø®Ù„Ø§ØµÙˆ Ø¨Ø¯Ø± Ù„ÙŠ Ù‚ØªÙ„ Ø¨ÙˆÙ‡,pos
Ù†Ù‡Ø§ÙŠØ© ØºÙŠØ± Ù…ØªÙˆÙ‚Ø¹Ø© Ø§Ù† Ø´Ø§Ø¡ Ø§Ù„Ù„Ù‡ Ø§Ù„Ø±Ø§Ø¨Ø¹ ÙŠÙƒÙˆÙ† Ø¨Ø§Ù‡ÙŠ,pos
"Ø§Ø­Ù„ÙŠ Ù…Ø³Ù„Ø³Ù„ Ø´ÙØªÙ‡ ÙÙŠ Ø§Ù„ÙØªØ±Ø© Ø§Ù„Ø§Ø®ÙŠØ±Ø© Ø±ÙˆØ¹Ù‡ ÙŠØ§ ØªÙˆØ§Ù†Ø³Ù‡ 
Ù…ØµØ±ÙŠ Ù…Ø± Ù…Ù† Ù‡Ù†Ø§",pos
yeser tayara awled moufida ,pos
"Ø­ØªÙ‰ Ù‡Ùˆ Ø³ÙŠ Ø´Ø±ÙŠÙ Ø´Ù…Ø¬ÙŠØ¨Ùˆ Ø¨Ø§Ù„Ù„Ù‡ÙŠ ØŸØŸ Ø¨Ø¹Ø¯ 20 Ø³Ù†Ø§ Ù‚Ø§Ù„Ùƒ Ù†Ø­Ø¨ Ø¹Ù„Ù‰ ÙˆÙ„Ø¯ÙŠ Ù†Ø­Ø¨ Ù†Ø³Ù…Ø¹ ÙƒÙ„Ù…Ø© Ø¨Ø§Ø¨Ø§ ØŸØŸØŸØ´Ù†ÙˆØ§Ø§ ÙƒØ§Ù† ÙŠÙ†ØªØ·Ø± Ù…Ø¹Ù†Ø§Ù‡Ø§ ÙŠØ¹Ù†Ù‚Ùˆ ÙˆÙŠØ¨ÙˆØ³Ùˆ Ù…Ù†Ø§ ÙˆÙ…Ù†Ø§ ÙˆÙŠÙ‚Ù„Ùˆ Ø§Ø´Ø±ÙŠÙ„ÙŠ Ø´ÙƒÙ„Ø§Ø·Ø©ØŸØŸØŸ 
Ø¹Ø±Ø³Øª ÙˆØ¬Ø¨Øª ØµØºØ§Ø± ÙØ§Ù„Ø­Ù„Ø§Ù„ Ù‚Ø§Ø¹Ø¯ ØªÙ„ÙˆØ¬ Ø¹Ù„Ù‰ Ø¨Ø²Ø¹Ø© ÙØ±ØºØªÙ‡Ø§ 20 Ø³Ù†Ø§ Ù„ØªØ§Ù„ÙŠ ÙÙ‚Ø§Ù„Ø¨ ØºÙ„Ø·Ø© Ø­Ø³Ø¨ØªÙ‡Ø§ Ø¨ÙˆÙ†ÙŠØ·Ø© ÙˆØ±ÙŠØ­Ø© Ø¨Ø§Ù„Ùƒ",pos
chniya esmha el music li fi a5er el 7al9a ??,pos
le scÃ©nariste ne lui  restait plus d'imagination le pauvre.ğŸ˜ğŸ˜ğŸ˜ğŸ˜ğŸ˜.c'est nuuuuuuuuuuuuul.,pos
Lazem season o55a bourjouleya,pos
semi lfehri mo5rej tayara ama dima 3andou mochkel fnihayet,pos
"ÙŠØ§ Ø³Ø§Ù…ÙŠ ÙŠØ§ ÙÙ‡Ø±ÙŠ , ÙƒÙ†Øª Ù‚Ø§Ø¯Ø± Ø¯ÙŠØ± 30 Ø­Ù„Ù‚Ø© Ù…Ù„ÙŠØ§Ù†Ù‡ Ø¨Ø§Ù„Ø§Ø­Ø¯Ø§Ø« Ø§Ù„Ù…Ø´ÙˆÙ‚Ø©ØŒØ´Ø¨Ø¹Ù†Ø§ ØŒØ®Ù„ÙŠÙ†Ø§ Ù†Ø´Ø¨Ø¹Ùˆ  ØŒØ¹Ù„Ø§Ø´ Ù‡ÙƒØ§ ÙŠØ§ Ù„Ø²Ø­ ...Ø¹Ù†Ø¯Ùƒ 11 Ø´Ù‡Ø± Ùˆ 15 ÙŠÙˆÙ…  Ù…ØªÙ†Ø¬Ù…Ø´ ØªØ¹Ù…Ù„Ù†Ø§ 30 Ø­Ù„Ù‚Ø© ÙƒÙŠ Ø§Ù„Ù†Ø§Ø³ Ø§Ù„ÙƒÙ„ ØŸ  !! Ø§Ø¨Ø¯Ø§ Ù…Ù† ØªÙˆØ§ ØŒ Ø®Ù„ÙŠÙ†Ø§ Ù†ØªÙ…ØªØ¹Ùˆ Ø§Ø´Ø¨ÙŠÙƒ ØªØ¨Ø®Ù„ Ù‡ÙƒØ§ !",pos
Jebtou lmoussessel mlih mlih f lakher ka3bertouha .. une fin ma3andha hta ma3na ntouma twanssa taarfou ghir la violence la drogue la tristesse et toujours avec une fin qui n'a aucun sens pour moi..,pos
Ù…Ø³Ù„Ø³Ù„ Ø§ÙˆÙ„Ø§Ø¯ Ù…ÙÙŠØ¯Ø© Ø§Ø­Ø³Ù† Ù…Ø³Ù„Ø³Ù„ Ø±Ø§ÙŠØªÙ‡ ÙÙŠ Ø­ÙŠØ§ØªÙŠ ÙƒÙ„ Ù…Ù† ÙŠØ¹Ø´Ù‚Ù‡ ÙŠØ¸ØºØ· Ù„Ø§ÙŠÙƒ,pos
first of all,pos
first ğŸ˜,pos
first from morocoo,pos
comment_text,pos
Mabrouk,pos
Mabrouk,pos
Ø§Ù„Ù Ù…Ø¨Ø±ÙˆÙƒ Ø§Ù„Ø¹Ø§Ù‚Ø¨Ù‡ Ù„ÙŠÙ†Ø§ Ø´ÙƒØ± Ø§ØªØµÙ„Ø§Øª ØªÙˆÙ†Ø³ Ø¹Ù„Ù‰ Ø¹Ø±ÙˆØ¶Ùƒ Ø§Ù„Ù…Ù…ØªØ§Ø²Ø§,pos
Tunisie TÃ©lÃ©com  amiiiin allah ykhalikom â¤ï¸,pos
merci tt,pos
Merciii tÃ©lÃ©com  nchalhaaa â¤â¤â¤â¤ 3ala Tunis l8alyaaa wala cha3ab 3am 5ir wbarka,pos
Bonne annÃ©eğŸ˜˜ğŸ˜˜ğŸ˜˜ğŸ˜˜ğŸ˜˜ğŸ˜˜ğŸ˜ğŸ˜ğŸ˜ğŸ˜ğŸ˜ğŸ˜ğŸ˜,pos
"A7san 7aja ani convontioner m3akom et merta7a barcha 
Baba wa ommi 7ajou bit rabi.,5ouya inzedlou banouta aprÃ¨s 5 ans 5ouya walla docteur fi compus wa ana nje7t fi concour hamdouleleh inchallah 2018 a7san",pos
"A7san 7aja ani convontioner m3akom et merta7a barcha 
Baba wa ommi 7ajou bit rabi.,5ouya inzedlou banouta aprÃ¨s 5 ans 5ouya walla docteur fi compus wa ana nje7t fi concour hamdouleleh inchallah 2018 a7san",pos
ÙƒÙ„ Ø¹Ø§Ù… TT ÙˆÙƒÙ„ Ø§Ù„Ù…Ø³Ù„Ù…ÙŠÙ† Ø¨Ø§Ù„Ø§Ù Ø®ÙŠØ±,pos
Bonne annÃ©e 2018 inchallah kol 3am wentom b5er,pos
saha labas heki el fayda bonne annÃ©e Tunisie TÃ©lÃ©com :),pos
Ø£Ø­Ù„Ù‰ Ø°ÙƒØ±Ù‰ ÙÙŠ 2018 Ø£ØµØ¨Ø­Øª Ø¬Ø¯Ø© ÙƒÙ„ Ø¹Ø§Ù… ÙˆØ§Ù†ØªÙ… Ø¨Ø§Ù„Ù Ø§Ù„Ù Ø§ØªØµØ§Ù„Ø§Øª ØªÙˆÙ†Ø³,pos
bonne annee 2018 inchallah duma farhanine avec.tunisie telecom,pos
"Ø§Ø­Ù„Ù‰ Ù„Ø­Ø¸Ø§Øª ÙÙŠ 2017 : 
*Ø§Ù„ØªØ®Ø±Ø¬ Ø¨Ù…Ù„Ø§Ø­Ø¸Ø© Ø­Ø³Ù† Ø¬Ø¯Ø§ 
*Ø§Ù„Ø®Ø·ÙˆØ¨Ø©
ğŸ’ŸğŸ’ŸğŸ’Ÿ Ø§Ù„Ø­ÙŠØ§Ø© Ø¯Ø§Ø¦Ù…Ø§ Ø§Ø­Ù„Ù‰ Ù…Ø¹ Ø§ØªØµØ§Ù„Ø§Øª ØªÙˆÙ†Ø³",pos
Bonne annÃ©e 2018 inchallah khir min 2017 je suis Fidel et content avec tÃ©lÃ©com DUMA maana,pos
Okhti hatta orange akber sarra9a khalik telecom c mieux wallah,pos
3malit portabilitÃ© w kalouli service t7assannn w hoywaaa nulllll min emess w eni sans resauuuu orange kasset rÃ©seau w Telecom nkalm fikkom tkoulouli chwaya wakt 3andib jrrs winou l service ndeeeeeeemit ili 3mlit transfet w tel khidmit ech na3mlllll,pos
Ø´ÙƒØ±Ø§,pos
Merci beaucoup,pos
Sama7ni ena kenit il pus mtÃ©3i telecom 3malt portabilitÃ© m3a Orange w mba3ed mdayda zit 3malt portabilitÃ© m3a ooredoo est-ce-que najim narja3 telecom?,pos
Ena 5thit tÃ©lÃ©phone Motorola 7aja hbelll ğŸ˜ğŸ˜ğŸ˜ğŸ˜ğŸ˜,pos
bravo un trÃ¨s bon service,pos
mon num est98529627 ) 3melt portabilite looredoo  wba3d raje3tou telecom  min nhar 24/11/2017 maisjusqua maintenant matbadletch  n7eb narja3 tt ndemt,pos
7louwa... hayla... ğŸ‘ğŸ‘ğŸ‘,pos
Yehabbel,pos
wahdek  ya  tt,pos
Ã‡a c'est un spot publicitaire !!!! Bravo,pos
Dhouha El Felah elle est bonne celle la,pos
Besaha 3likom w tjr rabi m3akom 5okom men l'AlgÃ©rie ğŸ˜ƒ,pos
Merci,pos
Merci,pos
Good job ğŸ˜Š,pos
Top! Bravo ğŸ‘,pos
Mabrouk 3likom ğŸ’™,pos
Bravoo Tunisie tÃ©lÃ¨com pub ya3mel lkif :) @Tunisie tÃ©lÃ¨com,pos
Mossaab Kham l'art de la pub !!,pos
Excellent! Monia Godhbani Dhoha Smida Aude Cassis,pos
J'adore ! !!! ,pos
J'adore ! !!! Bon choix  musical ! !!,pos
"Salutations du Maroc,superbe pub,mabrouk 3likom o 3lina",pos
Bravo J'ai adorÃ© rabi m3akom  khwatna twanssa inchalah tatl3ou ou tfarhouna ğŸ‡¹ğŸ‡³ğŸ‡©ğŸ‡¿â™¥ï¸â™¥ï¸â™¥ï¸,pos
Jadooore lol bravo Ã  vous,pos
Bravo pour la qualification et surtt  bravo pour la pub :),pos
Superbe pub ğŸ‘ğŸ»ğŸ‘ğŸ»ğŸ‘ğŸ»ğŸ˜‚jâ€™adoreâ¤ï¸,pos
TrÃ¨s belle publicitÃ©,pos
superbe bravo,pos
Fadel Benmoussa Ali Chaoui Roqai excellent !!!,pos
Fatima Zahra j ai aimÃ©,pos
Bravo TT  c top professionnel,pos
Pub 7low barcha w 3jebni w nchala tounesna reb7a dima farhetna bedenya 7ata ken te5ser n7eboha,pos
Pub 7low barcha w 3jebni w nchala tounesna reb7a dima farhetna bedenya 7ata ken te5ser n7eboha,pos
"Meilleure pub de lâ€™annÃ©e , Bravo TT ! On utilisera cette chanson jusquâ€™Ã  2018. Hela Khadraoui Bravo !",pos
Jaimeeeee <3 :D,pos
"Le jeune homme en bleu ( dans le bus ) a donnÃ© un aspect trÃ¨s artistique Ã  la pub , trÃ¨s bon boulot et bonne continuation TT. <3",pos
"Le jeune homme en bleu ( dans le bus ) a donnÃ© un aspect trÃ¨s artistique Ã  la pub , trÃ¨s bon boulot et bonne continuation TT. <3",pos
J'ai adorÃ© ğŸ‘Œcoup de ğŸ’– bravo Tunisie TÃ©lÃ©com ğŸ’–ğŸ’–,pos
Un trÃ¨s bon travail ğŸ˜ bravo TT !,pos
Bravo! Un vrai succÃ¨s cette vidÃ©o,pos
Bravo Tunisie Telecom ğŸ’– belle video clip pling d energie  ET  d amour,pos
Tres belle pub et bonne chance pour mes frÃ¨res tunisiens,pos
Yesser hlouwa legneya ya3tikoum Saha merci Tunisie tÃ¨lÃ¨com â¤ï¸â¤ï¸â¤ï¸ğŸŒ¹ğŸŒ¹â¤ï¸,pos
"Rima, love this.",pos
Zouhour Ouali it looks nice hahaha ğŸ˜„,pos
I loved ğŸ˜,pos
J'aiiiiiiiiiiiiiiiime 3ale5er ğŸ˜ğŸ˜ğŸ˜,pos
J'adooooooore <3,pos
bravo  tunisie telecom dima l meilleure,pos
Yasmine Taymour Andraws LOVE LOVE THISSSSS,pos
"Pub subtile et tres bon goÃ»t
Pub yaser hlouwa  bravo""",pos
Ebda3 bravo pour le spot !!!!,pos
une excellente publicitÃ© Bravo TT (y),pos
Vraiment men a7sen les pub illi choftâ€™houm. Merci TT â¤,pos
Un travail de professionnels comme quoi le secteur public est capable de surpasser ses concurrents,pos
Bravo tunisie telecome j'aime j'aime,pos
Elias Sebbata i like it ğŸ˜ğŸ˜,pos
Vraiment bravo mala jaou,pos
"Pour moi, meilleure pub de lâ€™annÃ©e. Jâ€™adore! Bravo Tunisie Telecom",pos
Thaaaaabel inchala dima far7anin hhhhh kol youm n7otha nachta7 3leha ana w binti,pos
Encouragez le produit tunisien ....on n'est pas des qatari chez nous,pos
Houssem Gharsalli j'adore ğŸ˜ğŸ˜,pos
"GÃ©nial ,bravo Ã  l'Ã©quipe qui a fait ce clip!!!trop top",pos
Jâ€™adore ğŸ˜ bravo ğŸˆğŸ‰ğŸ‰,pos
"Bravo ğŸˆğŸ‰ğŸŠÃ  tous,  great job great",pos
Bravo love it ğŸ¤—ğŸ‘ğŸ˜˜ğŸ™ğŸ»ğŸ™â™¥ï¸,pos
Tunisie TÃ©lÃ©com bravo ğŸ˜‰,pos
J'ai adorÃ©e ğŸ˜»â¤ï¸â¤ï¸â¤ï¸,pos
bravoğŸ˜ğŸ˜ğŸ˜,pos
Bravo  tt  clip  qui  donne  la  chair  de  poule,pos
"pub 7lowa .. ken  ta3tiwna akthir information ; sout el duo ili  8ana  , i5raj chkoun el pub  !!",pos
Jolieee,pos
Ibtissem Gh yassser jaw :D,pos
"Bravo Tunisie TÃ©lÃ©com . Poste publicitaire excellent ! FiÃ¨re d'Ãªtre tunisienne et de supporter l'Ã©quipe Nationale. Russia , on arrive ğŸ’ªğŸ»ğŸ‡¹ğŸ‡³",pos
hlowa yaser,pos
Mahleha l pub tunisienne 100% bravo,pos
Un travail trÃ¨s bien fait âœ… bravo ğŸ‘,pos
HonnÃªtement top bravo et bonne continuation â¤ï¸,pos
Magnifique! Bravo Ã  tous ceux qui ont concoctÃ© cette pÃ©pite !,pos
Yfata9 pubâ™¥â™¥â™¥,pos
hhhhh  chmeta fi ooredoo mte3 9atar,pos
Bravooooooo pub 3aaaalmiya,pos
"La chanson dÃ©gage beaucoup d'Ã©nergie! Un trÃ¨s beau travail: image, son et surtout paroles â¤ tout ce qui est Tunisien et qui nous reprÃ©sente est dit ğŸ˜ Bravo et bonne continuation âœŒ",pos
Mahle7a,pos
Bravo un chef d'oeuvre ğŸ’š vive la Tunisie,pos
Pub raw3a :*,pos
Bravo excellente pub tunisie telecom net amelioration de la qualite,pos
Yeser hlowa el pub bravooo,pos
Tunisie telecom je nâ€™aime pas le foot mais jâ€™ai adorÃ© la musique bravo,pos
"Bravo, vraiment hlowa w kol dÃ©tail fiha excellent",pos
"Bravo, vraiment hlowa w kol dÃ©tail fiha excellent",pos
Fort  !! ğŸ˜,pos
Bravo TT yesser 7loua pub,pos
Excellent spot bravo,pos
Sarah Ghomari ptddddrrr je kiffe,pos
Bravo,pos
Hlowa barcha,pos
Bravo yeeesir mizyena ğŸ˜‚ğŸ˜‚ğŸ˜ğŸ˜ğŸ˜ğŸ˜ğŸ‘ğŸ‘ğŸ‘ğŸ‘,pos
Magnifique !,pos
pub heyla !! bravo c pas yasmin azayez et hassen doss par hasard qui chantent???,pos
"Ã§a m'a donnÃ© des frissons, c'est innovant ce que vous avez fait, bravo <3",pos
Bravo ğŸ˜‰,pos
trÃ¨sğŸ˜ bon travail !! trÃ¨s  belle vidÃ©o !,pos
Tunisie TÃ©lÃ©com bravo ğŸ’™,pos
Wallahi elle es trop bien ğŸ˜,pos
Sympa,pos
Bravo,pos
"Bravo Tunisie Telecom, nettement meilleur et efficace que le pseudo buzz tres fade de ooredoo et le pseudo humouriste migalo avec le psg.",pos
Bravo ....pour la pub,pos
Bravo pour ce clip trÃ¨s beau,pos
Bravo Bravo Bravo ya touansa ya bahin n7ebkom barcha,pos
J trop aimÃ© cette pub â¤,pos
Inchallah marbou7ağŸ˜ğŸ˜ğŸ˜,pos
Jeme,pos
Thanks,pos
ibde3i,pos
telecom dima fil 3aleli,pos
bravo ma7leha fazet 9atouset rmed,pos
mobd3in ya3tikom sa7a,pos
a9wa reseau fi tounes,pos
"merci pr le service , fidele w mch no93d dima fidele l telecom",pos
dima b fazet TT,pos
tt l 7ob ;*,pos
Babziiz Nasra hhhhhh haw jeyin haw jeyin,pos
bonus makifouch fi 7ata blasa o5ra <3,pos
jawna a7la jaw fi telecom,pos
Bravo TT,pos
Akwa promo bravo tunisie telecom,pos
telecom 9wiya alikom #telecom_en_force,pos
bravooooo n7ebkom,pos
telecom zeyed m3ak,pos
3omrek mansitna !!!  merci pr le service,pos
bravo TT nchalah lrousia machin,pos
nchallah rabi m3akom,pos
rabi yfadhalkom,pos
Bravo haja mezyana barchha,pos
trÃ¨s pratique,pos
J'aime c'est une bonne initiative inchalah merbouha,pos
Telecom feha 7aja wa7da bahya enha ma tesrkch solde mch kima les autres operateurs,pos
Merci TUNTEL pour votre reponse immediate sur ma rÃ©clamation ! BRAVO.,pos
a7la operateur,pos
yo93ed l'operateur lwa7id elli 3ando l'internet illimitÃ©,pos
ya TunTel mafamech kifek fel bonus,pos
Hhhhhh tooop,pos
TT lhob,pos
bravo :) bien que certaines societes offrent des puces data rechargeable ou non rechargfables parfois destinÃ©s aux visiteurs etrangers ...avec des tarifs concurrentiels,pos
borjoliya a9wa pub rithaa fi 7yeti,pos
good,pos
Bravo,pos
J aime Tunisie TÃ©lÃ©com,pos
Top,pos
Merci,pos
tayara lfaza,pos
Merci,pos
J.aime,pos
mech normal,pos
Bravo tunisie tÃ©lÃ©com.je t'aime toujours.,pos
vraiment ya33tik sa77a tunisie telecom,pos
such a great   page,pos
ma9wek @telecom <3,pos
a9wa operateur,pos
Tooop,pos
5ir men ooredoo w orange,pos
Vive Tunisie telecom,pos
sa77it tunisie telecom,pos
5edma s7i7a,pos
connection ma9sousa andha 3 ayaam wamalt 20 alf reclamation wmafamma shay ltw al9awlna 7aaaal,pos
3alamiyya tuntel,pos
toujours top TT <3,pos
ya3tikom sa77a,pos
service technique bsara7a ya3tuhem essa77a 5edma behya,pos
Oui tayara bravo Tunisie telecom,pos
sa77itou !!! bravo,pos
numero 1 fi tounes !!,pos
always the best !! kil 3ada a9wa w7id,pos
Tunisie TÃ©lÃ©com 9owa bsara7a,pos
a7la TT fel 3alem â™¥,pos
"to9teeeeeeeeel â™¥
",pos
telecom mia amore <3 braovooo,pos
yar7am weldikom 3al serive,pos
a7na rseau wselna w reseau tayara,pos
awel makalamthom 3ala reclamation jewbouni <3,pos
chnw nestana e5er ?? kol chy disponible merci TT,pos
Ahla tunisie telecom famma host ma7loul h.ttgames.tn,pos
Bravo  tunisie  telecom,pos
Bravo tt,pos
Bravo Tunisie telecom,pos
Bravo Tunisie telecom,pos
yar7am weldin weldik,pos
DeuxiÃ¨me forfait cette nuit en 15 min Bravo Tunisie TÃ©lÃ©com,pos
DÃ©jÃ  rbehet merci Tunisie telecom,pos
"Merci  de traiter  cette  rÃ©clamation 
Merci  Tunisie telecom""",pos
khedÃ¹a tayyra 3alle5er,pos
mafam chy najam n9oulou ken yatikom sa77a,pos
Cela fait des mois que je vous suit ğŸ˜,pos
ya3tikem alf sa77a,pos
khedma behya,pos
a7la tunisie telecom :D,pos
connexion tayyara telecom ya3tikm sa77a w chmata fel ooreedoo :p,pos
bravooooo,pos
serviice toujours disponoble merci,pos
ya3tikem essa7a,pos
zeyed m3akom wallah,pos
"wow mela telecom maritech <3 la ooredoo la orange , telecom awel operateur",pos
meriiiiiii :* :*,pos
l 7ob rakom <3 <3,pos
5edmetkom tayara bravoooooo <3,pos
teri5 kbir m3a TT !!!,pos
love u TT,pos
tunisie ya tunisie rabi y5alik ya telecom,pos
7low,pos
7lou,pos
"3andi puce TT taw 10 ans , manbaddalhech ",pos
a9wa reseau zeyed m3ak,pos
ahi l 5edma wala lawwa7,pos
